:020000040800F2
:10000000C00A002061020008095E00087D40000867
:10001000994B0008C1150008BD78000800000000D9
:10002000000000000000000000000000E96C000873
:10003000DD15000800000000756B00081570000851
:100040007B0200087B0200087B0200087B0200089C
:100050007B0200087B0200087B0200087B0200088C
:100060007B0200087B0200087B0200087B0200087C
:100070007B0200087B0200087B0200087B0200086C
:10008000C5150008D11500087B0200087B02000896
:100090007B0200087B0200087B0200087B0200084C
:1000A0007B0200087B0200087B0200087B0200083C
:1000B0007B0200081D700008297000087B02000800
:1000C0007B0200087B0200087B0200087B0200081C
:1000D0007B020008ED740008F97400087B02000838
:1000E0007B0200087B0200087B02000800F002F897
:1000F00000F0A6F814A696E8000CB244B344DA4522
:1001000001D100F09DF8BAE80F000FA696E8300084
:10011000A5EB040504EB0607AAEB0704A7F101070A
:100120004FEA15154FEA3414A4F10104AC4201D38F
:1001300000F086F813F0010F18BFFB1A43F001031B
:1001400000F001F8DBE71847849C0000A49C000045
:10015000103A24BF78C878C1FAD8520724BF30C8F3
:1001600030C144BF04680C60704700007047000055
:100170000023002400250026103A28BF78C1FBD8B0
:10018000520728BF30C148BF0B6070476E2900F08E
:10019000D782702900F02786662909F0F480652946
:1001A00009F0F180672909F0EE80612909F0ED80FE
:1001B00003681B0A28BF41F08001692900F0C08054
:1001C000642900F0BD80752900F0BA806F2900F025
:1001D000B585782900F0F385E92900F04F85E429F9
:1001E00000F04C85F52900F04985EF2900F0B28533
:1001F000F82900F0F2850368DB0928BF41F080018F
:10020000632901F05180732901F05680E32901F040
:100210006180F32901F06680002070471FB500F06F
:1002200031FE04000020002108F07CF8401C6060D2
:100230000020002108F060F8E0601FBD10B510BD7F
:1002400001F03AF91146FFF7E9FF07F09BFB01F0D7
:1002500066F903B4FFF7F2FF03BC01F0A9F900004F
:100260000948804709480047FEE7FEE7FEE7FEE74A
:10027000FEE7FEE7FEE7FEE7FEE7FEE70448054986
:10028000054A064B7047000019700008ED00000891
:10029000C0040020C00A0020C0060020C0060020C4
:1002A0001CB50C46064B7B4469460090204600F086
:1002B0006EFC04460020694600F07CFC20461CBD14
:1002C0000B0900000FB41CB5084B06AA7B44694615
:1002D0000090059800F05BFC04460020694600F0A1
:1002E00069FC20461CBC5DF814FB0000E50800001A
:1002F00070B5044685690068C10601D5302600E066
:100300002026C00707D070BDD4E9012130469047B0
:10031000206A401C20626D1EF6D570BD70B5044683
:1003200085690078C00707D170BDD4E9012120207C
:100330009047206A401C20626D1EF6D570BD0000FB
:100340002DE9F0410646002410687529314616A5AE
:1003500010D000F061F9002802DA404213A507E04E
:1003600031688A0701D512A502E0490704D511A515
:10037000012401E000F059F900210A2206F12407C6
:1003800009E0B0FBF2FCB0FBF2F302FB1C003030E2
:1003900078541846491C0028F3D123462A46304693
:1003A000BDE8F04100F073B9000000002D0000002E
:1003B0002B000000200000002DE9F05F8946044674
:1003C0004FF0000ADFF874B1FB44C0F820A02046CB
:1003D000E1688847002874D0252806D0D4E9012197
:1003E0009047206A401C2062F1E700265F462046C5
:1003F000E16888472028054607DB312D05D27819AA
:1004000010F8200C08B10643F1E7B00701D526F03B
:100410000406C4F81CA00027C4F818A02A2D09D08F
:10042000284607F061FF38B304EB8708303DC8F871
:10043000185019E059F8041B204604EB870291611B
:10044000E1688847012F054618D1E069002820DAC5
:1004500026F020061DE0D8F8180000EB800005EB20
:1004600040003038C8F818002046E1688847054643
:1004700007F03AFF0028EED1012F0AD02E2D08D127
:100480002046E16888477F1C0546022F46F020067B
:10049000C4DBA069002803DA404246F00106A061EF
:1004A000F00701D026F010066C2D0BD0682D09D076
:1004B0004C2D39D06A2D35D0742D35D07A2D33D0CE
:1004C00016E038E0E1682F4620468847B8420546E6
:1004D00009D16C2F26D04FF48060E1680643204696
:1004E0008847054604E06C2F1AD04FF4807006430D
:1004F0000DB3A5F14100192802D8203546F4006655
:100500004A462946204626604E46FFF73FFE80B108
:1005100001280BD0F61D26F0070000F1080956E768
:100520004020E4E78020D8E70020D6E706F1040960
:100530004DE7284652E7206ABDE8F09FC28F0000D1
:1005400070B5064600F064F80468054630460A2295
:10055000002100F053FC2C6070BD30B505460B4601
:100560002A4613F8014B12F8010B08B1A042F8D04B
:100570001CB1002802D06D1CF1E7284630BD10B533
:10058000431C02E010F8011B71B18107FAD14FF052
:10059000013202C88C1A8C4314EAC211F9D0C01A75
:1005A0000A0603D0C01E10BDC01A10BD0A0401D037
:1005B000801E10BD0902FCD0401E10BD4FF000028D
:1005C00000B5134694469646203922BFA0E80C5049
:1005D000A0E80C50B1F12001BFF4F7AF090728BF24
:1005E000A0E80C5048BF0CC05DF804EB890028BFA0
:1005F00040F8042B08BF704748BF20F8022B11F0C9
:10060000804F18BF00F8012B704770477047704744
:10061000004870475800002009684A0501D540B2DB
:100620007047C905FCD500B2704709684A0501D575
:10063000C0B27047C905FCD580B2704770B50C4692
:100640000546012A05D02878800600D5EA690023EE
:1006500002E0012305E05B1C934202D2E05C00282B
:10066000F9D1A869E618C01AA861286A1844286256
:100670002846FFF73DFE04E0D5E9012114F8010BFF
:100680009047B442F8D32846FFF748FE70BD2DE9E5
:10069000F0470D4699469246044600F12408016849
:1006A000880604D5E06921F01001216000E00120F6
:1006B000A84201DD471B00E00027A1697A1902EB7F
:1006C0000900081AA0612078C00602D42046FFF76E
:1006D0000FFE002608E0D4E901211AF80600904731
:1006E000206A401C761C20624E45F4DB2078C00650
:1006F0000AD52046FFF7FCFD06E0D4E901213020B1
:100700009047206A401C2062381EA7F10107F4DCE4
:1007100007E0D4E9012118F805009047206A401C41
:100720002062281EA5F10105F3DC2046FFF7F6FD47
:100730002078000602D50220BDE8F0870120FBE703
:1007400011680268006A530501D508700AE0D305F4
:1007500001D5088006E0130603D5C217C1E90002DF
:1007600000E00860012070472DE9FF4F0C461E464F
:100770004FF0FF378BB0D2E90001DDF860800A90BE
:100780008A46C1F30A5505B93D46002108464FF097
:100790000000BAF1000F00F4400005DA00EB800021
:1007A0004FF4400101EA50004FEA9059B9F1010FAE
:1007B00000DDB9460A9850EA4A000ED044F61050BF
:1007C000A5F2FF3545432F14B8F1000F1ED0754236
:1007D000291E1EDDC9F100021CE0B8F1010F4FF027
:1007E000000001D0302103E0F24305E02154401C19
:1007F000B042FBDB30460022002121540B99C1F8A6
:100800000880C1E900200FB0BDE8F08FBD1B6D1C52
:10081000DEE74A4600DA694206A800F0B7FD06ABFB
:1008200093E8070003AB83E8070050460A9907F0F6
:100830007EF98DE80700A0F500501F38009003985E
:10084000002D0ADD42F21F014A460844002303A995
:100850000390684607F0E8FB09E0A0F500504A461F
:100860001F38002303A90390684607F0F2FB8DE8C8
:1008700007000004000C03D04FF0FF30410800E0F7
:100880001046B8F1000F03D00022009215461EE07A
:10089000751E05D400F0FAFA303262556D1EF9D596
:1008A000B3460122084302D000227F1C04E02078D6
:1008B000302801D100227F1E002A099784D01DE034
:1008C000112D07DA00F0E2FA303262556D1C50EA61
:1008D0000102F5D1084302D00098C8B10EE0002112
:1008E000681E05E0235C625C63542254401E491C70
:1008F0008142F7DBAB46A81B401E0990002004F89C
:100900000B000B98099AC0F80880C0E9002B7AE721
:1009100011264FF0000857E72DE9F04F88460446AE
:10092000D21D22F0070191B0D1E90001CDE90A0101
:1009300007F0C6FC02460B98C00F01D02D2007E03F
:100940002068810701D52B2002E0202101EAC000A8
:10095000032A099001D0072A05DB034641462046B9
:1009600000F058FC0BE12078800601D5E06900E03A
:100970000620B8F1650F814606D0B8F1660F18D091
:10098000B8F1670F70D131E00020B9F1110F00907C
:1009900001DB112301E009F101030AAA01A90CA856
:1009A000FFF7E2FEDDE90C70002609F10105834640
:1009B00047E001204B4600904FF000470AAA01A9EA
:1009C0000CA8FFF7D1FEDDE90DB00C995D460026BD
:1009D00010B909F101000D18B9EB050003D4C0F1FD
:1009E000FF3609F10105A5EB09002BE0B9F1010F74
:1009F00001DA4FF001090020B9F1110F00904846CB
:100A000001DD112300E003460AAA01A90CA8FFF7A3
:100A1000ABFEDDE90C704D460026834620780007CA
:100A20000AD4AB4500DA5D4601A8012D04DD411969
:100A300011F8011C302907D04F4502DA17F1040FD5
:100A400004DA012082460FE06D1EEEE7002F02DC83
:100A5000ED1B3E4403E0781CA84200DD7D1CB81B62
:100A600000F1010A4FF000472078000703D4AA459F
:100A700001DB4FF0FF3A0021B7F1004F0DF14308C1
:100A80008DF8431024D002202B23002F01DA7F425F
:100A90002D230A21021EA0F1010000DC5FB197FBAB
:100AA000F1FC97FBF1F201FB1C7C17460CF1300CBA
:100AB00008F801CDEEE7A8F10100037021880905CF
:100AC00001D5452100E06521A0F1010800F8011CD5
:100AD00009980FA9A1EB0807FF1D00B101204119DA
:100AE00001EBEA70A1693844081A401EA061207821
:100AF000C00602D42046FFF7FBFB099828B1D4E9D1
:100B000001219047206A401C20622078C00622D52F
:100B10002046FFF7EDFB1EE0002E04DBB34502DDAF
:100B200001A8805D00E03020D4E901219047206ACF
:100B3000401C2062761CAAF101005FEA000A0AD17B
:100B400000F0A0F9C0680168405CD4E90121904739
:100B5000206A401C2062281EA5F10105DCDC07E0AC
:100B6000D4E9012118F8010B9047206A401C20624B
:100B7000381EA7F10107F3DC2046FFF7CFFB032067
:100B800011B041E601694A1C02610878704700B55E
:100B90008FB0CDE901310021059105497944CDE9B6
:100BA000031011466846FFF707FC0FB000BD0000B8
:100BB000E5FFFFFF0A6802F8010B0A6070470000BA
:100BC0002DE9FF5F15468A460446DFF8AC80F844FD
:100BD0000027D8E900103E46CDE9001010E03AF8B1
:100BE00016106A4602A800F043FC411C07D0217889
:100BF000890603D5E269391891420DD80744761C5D
:100C00002078800602D5E069B84205DDAE42E6DB19
:100C10003AF816000028E2D1A069C01BA061204666
:100C2000FFF766FBD8E90010CDE90010002017E0BF
:100C30003AF818106A4602A800F01AFCB0F1FF3F1B
:100C400081460BD000250DF1080B05E0D4E9012108
:100C50001BF8050090476D1C4D45F7D308F10100C6
:100C6000B0428046E4DB206A384420622046FFF729
:100C700055FBBDE8FF9F0000CE8700002DE9F04145
:100C80008046D21D22F007020025D2E90002F52994
:100C900015A614D0011E72F1000106DA0023D0EB74
:100CA000030063EB020211A608E0D8F800108B07DE
:100CB00001D50FA602E0490701D50EA60125114670
:100CC000002408F1240704E000F0E0F830323A553F
:100CD000641C50EA0102F7D12B46324621464046B9
:100CE000BDE8F041FFF7D3BC000000002D0000007C
:100CF0002B0000002000000030B4002100F124048B
:100D000008E002F00705D208303542EA4372DB08FA
:100D10006554491C52EA0305F3D10468002310A26C
:100D2000250708D504F020040C4304D0C46901232E
:100D30000CA2641EC46130BCFFF7A9BC10B5044608
:100D400021461068FFF771FC02462046BDE81040BE
:100D50000023D1E7D21D22F00701D1E90023CBE720
:100D60000000000030000000F0B40D4601880905C5
:100D700002D5214C7C4402E01F4C7C440E340021FF
:100D800000F1240608E002F00F071209E75D42EACD
:100D900003721B097754491C52EA0307F3D1027806
:100DA0000023120704D5702D06D009B10223113497
:100DB0002246F0BCFFF76BBC01231034F8E770B596
:100DC00004460D4621461068FFF72FFC02462946CF
:100DD0002046BDE870400023C6E7D21D22F007037D
:100DE000D3E90023C0E70368126843F020030360DF
:100DF0000823C3610023B7E7308600002DE9F047E0
:100E000091460F4680460446002614F8015B2DB13A
:100E100000F030F80068405DC007F6D12B2D02D0FD
:100E20002D2D18D0641E4A463946204600F05EFA41
:100E300027B13968A14201D1C7F800804FF0020400
:100E400071050BD54042002803DDFFF7E1FB04608C
:100E5000A007BDE8F08746F48066E4E70028F8DAEA
:100E6000FFF7D6FB04606FF00040F2E700487047E0
:100E70005800002010B500F005F8001D10BD00BF9F
:100E8000A5740000004870477800002030B5B0F12C
:100E90000A0271F100034FEA900E4EEA817EB0EB38
:100EA0000E0061EB91014FEA101E4EEA017E10EB3D
:100EB0000E0041EB11114FEA102E4EEA016E10EBBD
:100EC0000E0041EB11214FEA104E4EEA014E10EB9D
:100ED0000E0041EB1141401841F100014FEAD000F2
:100EE00040EA41704FEAD1014FEA810444EA90742C
:100EF00010EB800544EB01046D1944EB0404521B14
:100F0000A3414FF0000348BF0A3200D530BD401C5A
:100F100041F1000130BD00002DE9F04F04460D46BF
:100F2000D21D22F0070089B0D0E900974846394623
:100F300007F0C6F90246F80F01D02D2307E020681C
:100F4000810701D52B2302E0202101EAC0038DF89F
:100F500020300BB1012000E00020032A824601D09E
:100F6000072A04DB2946204600F054F93FE12078A7
:100F7000800601D40D2500E0E569C7F30A560D2D62
:100F800049DA00214FEA175B08464FF00000002FB6
:100F900000F4400007DA00EB80004FF4400100EB62
:100FA000D07001EA60008115012901DD4FF0FF31A9
:100FB00000224FEA850CBCF1180F06D31346ACF1A2
:100FC00018004FF08052C24003E04FF4801323FA20
:100FD0000CF30CF10C0CBCF1200F04D3ACF1200C81
:100FE00009FA0CF001E007FA0CF000294FF0004874
:100FF00001DD18B90FE00ED140450CD319EB020901
:101000005F4121B9404502D19F4329EA0209BBEB68
:10101000175F00D0761C2088000502D57B487844F5
:1010200002E07A487844193808AA302302F80A30D6
:10103000037C0AF10101002E0AF1020A53546A46A8
:1010400002DC4FF0300101E04FF031014FF00108B8
:101050008DF8001002D0A6F2FF3603E059EA4701EE
:1010600000D06B4E002D02DC2178090704D54FF02B
:1010700002082E218DF80110C44600210BE0C7F3B1
:1010800003433F01C35C491C6D1E02F8083005296B
:1010900008F1010801DA002DF1DC00210CE000EB81
:1010A0001973491C1B786D1E082902F808304FEA95
:1010B000091908F1010801DA002DF0DC21688B061E
:1010C00002D516E0A8F10108E04505DD02EB0803B2
:1010D00013F8013C302BF5D0B8F1000F09DD02EB1D
:1010E000080313F8013C2E2B03D1090701D4A8F102
:1010F0000108002D05DD3E2102F808106D1E08F1E3
:101100000108407C002E02F8080008F1010804DA0A
:101110002D20764202F8080002E02B2002F8080099
:101120000A214FF47A70864208F101080BDB96FB26
:10113000F0F3303302F8083096FBF0F308F10108C1
:1011400000FB136601E0642E0CDB642096FBF0F3D9
:10115000303302F8083096FBF0F308F1010800FB89
:10116000136601E00A2E06DB96FBF1F0303002F840
:10117000080008F1010896FBF1F001FB1060303027
:1011800002F80800A16908F1010808EB050202EB6A
:101190000A00081AA0612078C00602D42046FFF792
:1011A000A7F8216A08AE01EB0A00206204E0D4E946
:1011B000012116F8010B9047BAF1010AF7D2207805
:1011C000C00602D52046FFF793F86E4609E016F8F0
:1011D000010B3E280FD0D4E901219047206A401C22
:1011E0002062B8F10108F2D22046FFF797F809B063
:1011F0000320BDE8F08F206A2844206203E0D4E990
:101200000121302090476D1EEBD3F8E7C183000029
:1012100002FCFFFF2DE9F0411F460446032601684A
:10122000072A01F4006004DB08B116A505E016A545
:1012300003E008B115A500E015A521F0100020601D
:10124000A069C01EA0610FB1401EA0612046FFF73B
:101250004FF84FB1D4E9012138469047206A401C2D
:101260002062C01C206206E0206AFAE7D4E901216E
:1012700015F8010B9047761EF8D22046FFF74EF87E
:10128000BDE8F0814E414E006E616E00494E460051
:10129000696E660010B5436913B1AFF3008001E0D9
:1012A000FFF7CCF9012010BD127800F124010A707B
:1012B00000224A700122EDE711684FF0FF32E9E7A2
:1012C00010B5436913B1AFF3008001E0FFF778FC7C
:1012D000012010BD128800F1240182840022C28402
:1012E0000122EDE711684FF0FF32E9E72DE9F05FE9
:1012F000824615468B4600270AF10104B94600785C
:10130000302801D09DB113E014F8010B0127782893
:1013100003D0582801D045B10AE00DB1102D07D1F6
:10132000002714F8010B102502E0082500E00A252B
:101330000026B0460EE005FB080005FB06F101277C
:101340001FFA80F801EB1046B6F5803F00D3B9468E
:1013500014F8010B294600F0D4F80028EBDABBF1B1
:10136000000F05D00FB1641E00E05446CBF80040DA
:10137000B9F1000F06D0FFF74BF902210160C81E3A
:10138000BDE8F09F48EA0640FAE700002DE9F04783
:10139000814616468AB0354878440DC88DE80D0060
:1013A00032487844801C03AC0DC884E80D0041F637
:1013B0009B300844372190FBF1F290FBF1F5A5F149
:1013C000800501FB12041B3C02D56442012000E0B1
:1013D0000020DFF898A080460027FA44AAF1BE0A50
:1013E0000EE0E0070AD03246684607EB47010123CA
:1013F0000AEB810106F02DFE8DE8070064107F1CCA
:10140000002CEED1194F7F44AE3F19E0E80715D00C
:1014100007EB04100DF1180A90E80E008AE80E00A0
:10142000C068F04201D1981908903246012306A9FC
:1014300003A806F00EFE03AB83E807006D10641CE2
:10144000002DE3D14FF0010332466946B8F1000F99
:1014500003A802D006F0E8FD01E006F0FAFDC9E9B4
:101460000001C9F808200AB0BDE8F087D880000064
:101470002DE9F04116460C460546FFF7FBFC0368D4
:1014800093F80101012807D0FF2C12D8185D80B114
:1014900001202C70BDE8F081D3F8070132462146C7
:1014A00003F20713C7182846BC46BDE8F0410023E5
:1014B00060474FF0FF30EDE77546FFF7D7FCAE46CB
:1014C00005006946534620F00700854618B020B550
:1014D000FEF7D4FEBDE820404FF000064FF00007B5
:1014E0004FF000084FF0000BAC46ACE8C009ACE888
:1014F000C009ACE8C009ACE8C00921F007018D467D
:1015000070473A2800D2303820F02002412A01D317
:10151000A2F13700884201D34FF0FF30704710B579
:101520000446AFF300802046BDE81040FEF791BEB0
:101530004FF0013C50F8042B51F8043B9A4221D162
:10154000A2EB0C03934313EACC1317D150F8042BEE
:1015500051F8043B9A4215D1A2EB0C03934313EAD2
:10156000CC130BD150F8042B51F8043B9A4209D10B
:10157000A2EB0C03934313EACC13DBD04FF0000033
:10158000704700BFD01A01BAB1FA81F101F0180119
:1015900022FA01F0CB40DBB2C0B2C01AC1F1200187
:1015A0002CFA01F3D11A914311EAC311E6D1704725
:1015B00001491820ABBEFEE726000200704700007C
:1015C000FEE7000040F2B010C2F2000000F08EB85A
:1015D00040F2F410C2F2000000F088B8704700003A
:1015E000EFF3108072B600BFFEE70000014690F8EE
:1015F0002100022816D10868D1E90FC3026822F041
:101600000E020260026822F001020260012000FA6C
:1016100003F2CCF8042081F821000020002281F898
:1016200020207047042088630120002281F82020B8
:101630007047000090F82110022923D1026840F27F
:10164000040C1168C4F2020C21F00E011160136841
:101650002F21C4F202018A4223F00103136015DD39
:101660003023C4F202039A421CD04423C4F2020382
:101670009A421BD05823C4F202039A421CD14FF461
:10168000803321E004218163012070470823C4F2E4
:1016900002039A420ED01C23C4F202039A420BD1D9
:1016A000102311E04FF480730EE000BF4FF480531D
:1016B0000AE000BF012307E00CF168014FF08073DE
:1016C0008A4208BF4FF480130121CCF8003080F823
:1016D0002110416B0022002980F8202004BF002047
:1016E000704780B58847002080BD000010B5D0E964
:1016F0000FCE0168DCF800300A6823FA0EF35C07AD
:101700002AD512F0040427D00A68920603D40A6886
:1017100022F004020A602F22C4F20202914240F237
:101720000402C4F202025BDD3023C4F202039942D8
:1017300072D04423C4F20203994273D05823C4F2F6
:101740000203994240F07A804FF480231360C16A0B
:10175000002940F098806FE09C0727D512F0020422
:1017600024D00A68920606D40A6822F00A020A60A7
:10177000012280F821202F22C4F20202914240F27D
:101780000402C4F202023BDD3023C4F20203994298
:1017900060D04423C4F2020399425FD05823C4F2BC
:1017A0000203994260D14FF4003365E01B0743D533
:1017B00012F0080208BF10BD0A6822F00E020A608B
:1017C000012101FA0EF2CCF80420816380F8211087
:1017D000016B0022002980F8202054D12CE000BFAA
:1017E0000823C4F20203994222D01C23C4F202034C
:1017F000994223D140231360C16A002943D11BE0E1
:101800000823C4F2020399422CD01C23C4F2020321
:10181000994229D120232FE04FF480631360C16ADD
:1018200089BB09E04FF480431360C16A59BB03E0F0
:1018300004231360C16A31BB10BD00BF02F168040C
:101840004FF08063A14208BF4FF480031360C16A68
:10185000C9B9F1E74FF400730EE000BF4FF4005335
:101860000AE000BF022307E002F168044FF00073B2
:10187000A14208BF4FF400131360816A00220029BF
:1018800080F82020D8D0BDE8104008470146002845
:101890004FF0010008BF70472DE9F043D1F800C0B8
:1018A0004FF6F873CBF6FD734CF6CD426344CCF69D
:1018B000CC42A3FB02236FF0030202EA930200234F
:1018C000C4F2020301F10C08C1E90F320222D1E98E
:1018D000019E98E8F00181F82120DCF8002043F611
:1018E000F0739A4342EA090242EA0E0222432A4373
:1018F00032433A4342EA0802CCF8002000228A63CD
:1019000081F8210081F820200020BDE8F0437047D5
:1019100090F820C0BCF1010F04BF02207047F0B561
:101920004FF0010E80F820E090F821C0BCF1010FCB
:1019300026D14FF0020C80F821C04FF0000CC0F807
:1019400038C0D0E900C4C56AC66BDCF80070102C42
:1019500027F00107CCF80070006C0EFA00F0706000
:101960000846CCF8043004BF10460A46CCF80800FC
:10197000CCF80C20DCF8000045B140F00E000DE082
:10198000002180F820100220F0BD00BF20F00400EC
:10199000CCF80000DCF8000040F00A00CCF80000B1
:1019A000DCF8000040F00100CCF800000020F0BDA1
:1019B000B0B5044600F024F9054640F20000C2F23A
:1019C00000000078611C18BF044400BF00F018F943
:1019D000401BA042FAD3B0BD2DE9F04F82B00E6893
:1019E000002E00F0FD8041F20042C4F20102042307
:1019F00040F2004E904208BF03234FF6FF7CC4F232
:101A0000010E009300240123C1F2100C4FF0000AD4
:101A10004FF000094BE000BF41F20002C4F20102A6
:101A2000009F904208BF022704F00C030F229A4047
:101A30002BEA020207FA03F34FEA9A051A4346F823
:101A400025204E6840F20C45F202DEF8082054BF13
:101A500022EA080242EA0802C4F20105CEF8082090
:101A60002A68B30254BF22EA080242EA08022A6046
:101A7000B303DEF8042054BF22EA080242EA080257
:101A8000F303CEF80420DEF800204FF0010354BF2A
:101A900022EA080242EA0802CEF800200E680AF1A3
:101AA000010A36FA0AF204F1040400F0998003FAFC
:101AB0000AFB16EA0B08F1D04E68664512DC122EBE
:101AC00056D8DFE806F0350B4D4955555555555557
:101AD0005555555555555545510000BFD1F80C90F9
:101AE00046E000BF4FF6FF72C1F2210296420FDCC2
:101AF0000022C1F2110296421AD00022C1F2120253
:101B0000964215D00022C1F22102964210D02FE059
:101B10000022C1F2220296420AD00022C1F2310212
:101B2000964205D00022C1F23202964220D100BF77
:101B30008A684AB1012A14BFC0F814B0C0F810B0C6
:101B40004FF0080914E000BF4FF0040910E000BF97
:101B5000CA6802F104090BE04FF0000908E000BF79
:101B6000CA6802F1080903E0CA6802F10C0900BF63
:101B700002462646B8F5807F24BF0432203E17680F
:101B80000F25B54027EA050509FA06F63543156025
:101B9000CA79D2067FF582AF41F21803C4F202037C
:101BA0001A68AEF57E7642F001021A601A6802F0F9
:101BB00001020192019A2AF0030256F802B040F69F
:101BC0000002C4F20102904208D040F60042C4F282
:101BD000010290427FF420AF012725E7002723E789
:101BE00002B0BDE8F08F00008068084018BF0120F7
:101BF00070470000002A08BF090401617047000017
:101C000040F2BC40C2F2000000687047002804BFE8
:101C100001207047F0B581B0044690F83D0028B926
:101C2000002084F83C00204600F050F9242084F87D
:101C30003D002068016821F001010160016841F464
:101C400000410160016821F40041016000F014FBD3
:101C5000636848F2A16CC0F2010C40F60011C0F2BA
:101C60003D0163453CBF48F28041C0F21E018842FD
:101C700002D2012001B0F0BD4DF68361C4F21B31E8
:101C8000A0FB01122168970CD1F804E04FF496767E
:101C90002EF03F0545EA92454D60774348F63816E9
:101CA0000D6AC0F24106A7FB067625F03F076345A3
:101CB00038BF960C721C3A430A62CA6948F2A066A1
:101CC0004CF6FF77C0F20106B34222EA07020BD8B6
:101CD00001385B00B0FBF3F001306FF31F300428D4
:101CE00098BF04201BE000BFA768013857B119272F
:101CF0007B43B0FBF3F001306FF31F3070B100F5A0
:101D0000804007E003EB4303B0FBF3F001306FF3D7
:101D10001F3018B100F5004001E000BF0120104362
:101D2000C8610868D4E9072320F0C00010431843B5
:101D30000860886848F2FF3204F10C0790438CCFAA
:101D400018431043A6698860C86820F0FF00384334
:101D50003043C860086840F001000860002020217E
:101D6000206484F83D10206384F83E0001B0F0BD8B
:101D70002DE9F04383B0994616460F460446FFF717
:101D80003FFF94F83D10202924D10546206800BF6C
:101D9000816989071AD5FFF733FF411B20681A298B
:101DA000F6D381698907F3D500202021206384F8C8
:101DB0003D1084F83E00216C41F02001216484F83C
:101DC0003C00022003B0BDE8F08300BF94F83C1053
:101DD000012903D1022003B0BDE8F083012284F879
:101DE0003C200368DDE90B180A9ADB0703D103687E
:101DF00043F001030360036823F4006303602120C0
:101E000084F83D00402084F83E0000202064626297
:101E10006185608D394620850020CFF6FF70E06235
:101E2000204632464B46CDE9008502F029F918B12B
:101E3000012003B0BDE8F083208D98B920464146CB
:101E40002A4602F081F988B3206C0428F0D120687A
:101E5000016841F400710160012003B0BDE8F08326
:101E60000004EBD0204641462A4602F01DFB002824
:101E7000EAD1616A2268084610F8013B1361238D9C
:101E80006062581E2085678D013F678557697F070F
:101E9000E6D50704E4D048781061881C6062981E7B
:101EA0002085618D01396185DAE700BF206801680E
:101EB00041F400710160202084F83D00002084F886
:101EC0003E0084F83C0003B0BDE8F08310B586B056
:101ED000006845F20041C4F2000188424FF0000062
:101EE000CDE90400CDE9020002D006B010BD00BF6C
:101EF00041F21804C4F20204206802A940F008006C
:101F00002060206800F00800019001984FF44070B4
:101F10000290122003900320059040F60040C4F286
:101F20000100FFF759FD0420C4F20100016841F0EF
:101F3000E06141F002010160606840F400106060FF
:101F4000606800F400100190019806B010BD000018
:101F500040F2000040F2BC41C2F20000C2F20001B7
:101F600000780A68104408607047000080B542F2AB
:101F70000000C4F20200016841F01001016003207A
:101F800000F08CF80F2000F005F800F027F8002092
:101F900080BD000070B540F20006C2F2000640F2BB
:101FA00050013278C2F200014FF47A730968B3FB32
:101FB000F2F20446B1FBF2F1084600F085FB0F2C6B
:101FC0004FF0010508D838B94FF0FF302146002204
:101FD000002500F037F87460284670BD82B041F2E9
:101FE0001800C4F202000168022241F00101016000
:101FF000016801F0010101910199416841F08051AE
:102000004160406800F08050009000980420C4F2C5
:102010000100016862F31A61016002B070470000BC
:10202000002848BF704700F01F01012202FA01F1A9
:102030001C2202EAD0004EF20012CEF200028150C1
:102040007047000010B54EF60C5CCEF2000CDCF8C8
:102050000030C3F3022E8EF00704042C28BF0424A2
:10206000BEF103034FF0FF3E0EFA04F438BF002325
:10207000A14399400EFA03F39A43114300F00F0273
:1020800000F160430901043A03F564436244002807
:1020900048BF02F10C03197010BD00004EF60C5140
:1020A000CEF200010A684FF6FF031A4060F30A22DD
:1020B00042F0806040F0FD7008607047002804BF67
:1020C000012070472DE9F04381B042F20008C4F2CC
:1020D00002080446D8F800000D4600F007008842C8
:1020E0000CD2D8F8000020F007002843C8F8000000
:1020F000D8F8000000F00700A8426CD1206841F237
:1021000004098107C4F2020917D5410705D5D9F89A
:10211000001041F4E061C9F80010010705D5D9F8B5
:10212000001041F46051C9F80010D9F80010A268FD
:1021300021F0F0011143C9F80010C00742D1D8F8CE
:10214000000000F00700A8420CD9D8F8000020F0E9
:1021500007002843C8F80000D8F8000000F0070086
:10216000A84238D12068410707D5D9F80010E268A5
:1021700021F4E0611143C9F80010000708D5D9F82F
:102180000000216920F4605040EAC100C9F8000055
:10219000D9F8002002F00C00082841F20020C0F21B
:1021A0007A004DD149F6BE43C2F38341C0F6000325
:1021B000595CD20338D440F60010C0F23D004843C9
:1021C0003EE000BF606859F8041C022808D00128CE
:1021D00026D1890306D4012001B0BDE8F08300BFF9
:1021E0008901F8D5D9F8001021F003010843C9F896
:1021F0000000FFF705FD064641F28837D9F80000D8
:10220000616800F00C00B0EB810F98D0FFF7F8FC8C
:10221000801BB842F2D9032001B0BDE8F08300BFB3
:102220008907D8D5DEE700BFD9F8002049F6BC43BE
:10223000C2F34042C0F600039A5C4843B0FBF2F0A0
:10224000D9F8001049F28C42C1F30311C0F6000224
:10225000515C40F2500220FA01F140F20400C2F257
:1022600000000068C2F200021160FFF793FE002038
:1022700001B0BDE8F083000040F2500041F20401DB
:10228000C2F20000C4F202010068096849F29C42EF
:10229000C1F30221C0F60002515CC8407047000043
:1022A00040F2500041F20401C2F20000C4F2020107
:1022B0000068096849F29C42C1F3C221C0F60002DD
:1022C000515CC84070470000002804BF01207047DF
:1022D0002DE9F04182B00446007841F20006C007C3
:1022E000C4F202060CD0706800F00C00042840F024
:1022F00081803068800303D56068002800F0468143
:10230000207880071BD5706810F00C0F09D070681A
:1023100000F00C00082840F087807068C00300F1CE
:1023200083803068800703D52069012840F02E8122
:102330003068616920F0F80040EAC1003060207820
:10234000000713D4207840072CD4E569002D00F055
:102350001881706800F00C00082840F0A780012D5B
:1023600040F00481012002B0BDE8F081A06900289E
:1023700000F084800020C4F242200121C0F88014C3
:10238000FFF73EFC054600BF706A800700F1B2808F
:10239000FFF736FC401B0228F6D9032002B0BDE847
:1023A000F08100BFF0695FEAC00808D4F06940F02E
:1023B0008050F061F06900F080500090009847F282
:1023C0000007C4F200073868C00549D4386840F4F3
:1023D00080703860FFF714FC054600BF3868C00500
:1023E0003ED4FFF70DFC401B6428F7D9032002B050
:1023F000BDE8F081706800F00C00082803D1706817
:10240000C0033FF576AF61683068002900F00C81A9
:10241000B1F5A02F00F00081B1F5803F40F01A81A6
:1024200040F480301CE100BF2069002840F2000029
:10243000C4F2422000F0888001210160FFF7E0FB38
:10244000054600BF306880073FF572AFFFF7D8FB45
:10245000401B0228F6D9032002B0BDE8F08100BF7E
:10246000E168306A002900F09D80052900F0928023
:10247000012940F0AF8040F00100B1E00020C4F23B
:1024800042200021C0F88014FFF7BAFB054600BFC8
:10249000706A80077FF556AFFFF7B2FB401B02283A
:1024A000F6D9032002B0BDE8F08100BF0027C4F2D6
:1024B000422700203866FFF7A3FB022D05460DD109
:1024C0003068800140F1DE80FFF79AFB401B022854
:1024D0004FF00300F4D902B0BDE8F081306880010C
:1024E0004FD5FFF78DFB401B02284FF00300F5D9B5
:1024F000F1E700BF40F25000C2F20000006844F66D
:10250000D351C1F26201A0FB0101480A019000BF52
:1025100000BF0198411E002801913FF413AF00BF96
:102520000198411E002801913FF40CAF00BF0198B3
:10253000411E002801913FF405AF00BF0198411EE4
:1025400000280191E4D1FDE600210160FFF758FB6E
:10255000054600BF306880077FF5F1AEFFF750FBFE
:10256000401B02284FF00300F4D9B4E77068216AD9
:1025700000F480328A4209D1616A00F47010884206
:1025800004D1002002B0BDE8F08100BF012002B0FC
:10259000BDE8F08140F004003062306A40F0010094
:1025A0001EE000BF20F001003062306A20F004001D
:1025B0003062FFF725FB054641F28837306A800715
:1025C00020D5FFF71DFB401BB8424FF00300F5D9A3
:1025D00081E700BF20F001003062306A20F0040083
:1025E0003062FFF70DFB054641F28837306A8007FD
:1025F00008D4FFF705FB401BB842F7D9032002B00F
:10260000BDE8F081B8F1000F3FF59FAEF06920F012
:102610008050F06199E600BF40F48020306030685F
:1026200040F480301CE000BF20F48030306030681F
:1026300020F480203060FFF7E3FA0546306880031D
:102640007FF55EAEFFF7DCFA401B64284FF0030015
:10265000F4D940E720F480303060306820F48020E6
:102660003060FFF7CDFA0546306880033FF548AE8D
:10267000FFF7C6FA401B6428F6D9032002B0BDE874
:10268000F08100BF206AB0F5803F05D17168A26873
:1026900021F40031114371607168626A21F4741190
:1026A00011430843706001203866FFF7A9FA044619
:1026B000306880013FF565AFFFF7A2FA001B0228E2
:1026C0004FF00300F4D906E7411E0020B0EB116F74
:1026D0001CBF012070474EF21002CEF20002516082
:1026E0004EF62351CEF20001F0230B7007219060CB
:1026F00011607047704700007047000090F83C2060
:10270000012A4FF0020236D010B580F83D20026851
:10271000D2F804E0D2F808C00C682EF0700323430E
:1027200040F2FF74C4F20004A24253600ADCB2F12A
:10273000804F13D040F20043C4F200039A420DD000
:1027400011E000BF42F60043C4F201039A4205D0F3
:1027500040F60003C4F200039A4204D149682CF009
:102760008003194391600121002280F83D1080F818
:102770003C20BDE81040104670470000002804BF10
:102780000120704710B590F83D1031B9002180F854
:102790003C10044600F068F82046022180F83D1005
:1027A000016840F2FF740B68C4F2000442F6004C6A
:1027B000A142C4F2010C15DCB1F1804F1AD040F2F5
:1027C0000042C4F20002914214D0A14218DCB1F1DF
:1027D000804F1DD040F20042C4F20002914217D057
:1027E0001AE000BF614505D040F60002C4F20002C5
:1027F0009142EAD1826823F070031343A142E6DDDF
:10280000614505D040F60002C4F20002914203D1B6
:10281000026923F440731343846923F08002D0F8E3
:1028200004E0C368224361450A60CB62C1F828E036
:1028300002D14269CCF8302001224A6180F846205A
:1028400080F83E2080F83F2080F8402080F841202A
:1028500080F8422080F8432080F8442080F845200A
:1028600080F83D20002010BD80B584B0006840F69F
:102870000001C4F20001884230D040F20041C4F2AD
:102880000001884212D0B0F1804F0CD141F21C00FF
:10289000C4F20200016841F001010160006800F02B
:1028A00001000390039804B080BD00BF41F21C00FA
:1028B000C4F202000168002241F0020101600068D8
:1028C000012100F00200029002981D20FFF7BAFBE0
:1028D0001D2004B0BDE88040FFF7A2BB41F21C0000
:1028E000C4F202000168002241F0040101600068A6
:1028F000002100F00400019001981E20FFF7A2FBC8
:102900001E2004B0BDE88040FFF78ABB90F83D1060
:1029100001291CBF01207047022180F83D1000688A
:1029200040F2FF72C168C4F20002904241F001011E
:10293000C16009DCB0F1804F12D040F20041C4F216
:10294000000188420CD012E042F60041C4F20101BD
:10295000884205D040F60001C4F20001884206D149
:10296000816801F00701062904BF00207047016853
:1029700041F00101016000207047000090F83C2008
:10298000012A4FF002026CD080B580F83D20D0F8CB
:1029900000C04FF67772DCF8083023EA0202CCF868
:1029A00008200B684F2B29DC1F2B45DD202B46D040
:1029B000302B44D0402B40F0AF80D1F804E0C96800
:1029C000DCF82030DCF8202022F00102CCF82020B6
:1029D000DCF8182022F0F00242EA011123F00A028A
:1029E00042EA0E02CCF81810CCF82020DCF80810CF
:1029F00041F0470121F0300128E000BF6F2B33DDAB
:102A0000B3F5005F74D0B3F5805F21D0702B40F038
:102A10008380D1E901E3C968DCF8082043EA0E03AA
:102A200022F47F4243EA01211143CCF80810DCF87C
:102A3000081041F0770109E00BB1102B6CD1DCF8E4
:102A4000081021F07001194341F00701CCF808107B
:102A50000022012180F83D10002180F83C10BDE8E3
:102A600080401046704700BF502B21D0602B53D1BF
:102A7000D1F804E0C968DCF82030DCF8202022F02E
:102A80001002CCF82020DCF8182022F4704242EA30
:102A9000013123F0A00242EA0E12CCF81810CCF853
:102AA0002020DCF8081041F0670121F01001CDE78B
:102AB000D1F804E0C968DCF82030DCF8202022F0EE
:102AC0000102CCF82020DCF8182022F0F00242EAC3
:102AD000011123F00A0242EA0E02CCF81810CCF8D9
:102AE0002020DCF8081041F0570121F02001ADE76B
:102AF000D1E901E3C968DCF8082043EA0E0322F4B7
:102B00007F4243EA01211143CCF80810DCF8081099
:102B100041F480419AE700BF01229AE77047000024
:102B200010B5016804460869800744BFC8685FEAB9
:102B3000807039D40869400744BFC8685FEA4070B4
:102B40003ED40869000744BFC8685FEA007045D4F6
:102B50000869C00644BFC8685FEAC0604AD4086913
:102B6000C0071CBFC8685FEAC07051D10869000681
:102B700044BFC8685FEA006052D40869400644BF99
:102B8000C8685FEA406053D40869800646BFC868D9
:102B90005FEA806010BD6FF0200220460A61BDE848
:102BA0001040FFF7A9BD00BF6FF0020008610120CF
:102BB00020778869800743D02046FFF7AFFF45E0C4
:102BC0006FF00400086102202077886910F4407FCC
:102BD00040D02046FFF7A2FF42E000BF6FF00800A0
:102BE000086104202077C86980073DD02046FFF7A0
:102BF00095FF3FE06FF01000086108202077C8695A
:102C000010F4407F3AD02046FFF788FF3CE000BF39
:102C10006FF001000861204600F026FA2168A5E760
:102C20006FF0800008612046FFF764FD2168A4E78B
:102C30006FF040000861204600F0CCFA2168A3E75D
:102C4000204600F025F8204600F09EF9216800207B
:102C500020776FE7204600F01BF8204600F094F93B
:102C60002168002020776CE7204600F011F820460C
:102C700000F08AF921680020207769E7204600F0FB
:102C800007F8204600F080F921680020207766E7E9
:102C90007047000090F83C30012B04BF02207047C1
:102CA0004FEAB202032A00F2F1802DE9F043DFE897
:102CB00002F003A53B7500BF036842F600461D6A9B
:102CC0001A6AC4F2010622F001021A621A465C680E
:102CD00052F818CFB3428E68D1F800E025F0020513
:102CE00045EA06050CD1CE68D1E9057824F4407494
:102CF00025F00C0526F004063C43354344EA08045D
:102D00002CF0730747EA0E075C609F614F68096902
:102D10005F631D629F6947F008079F619F6927F005
:102D200004079F61A6E000BF036842F600461D6AE3
:102D30001A6AC4F2010622F480721A621A46D3F8A3
:102D400004C052F81CEFB3428E680C6825F400757D
:102D500045EA06250FD1CE68D1E90598360240F242
:102D6000FF4725F44065BE4335432CF4405748EAFD
:102D7000090647EA061C2EF073072743C3F804C070
:102D8000DF614F680969DF631D62DF6947F008078B
:102D9000DF61DF6927F00407DF616BE0036842F65B
:102DA0000047D3F820C01A6AC4F2010722F4805207
:102DB0001A621A465C6852F81C5FD1F800E08E680F
:102DC000BB4204D14F6924F4804444EA87142CF4B4
:102DD000005747EA063725F4E64646EA0E265C60C9
:102DE000DE614E6809691E641F62DF6947F400678F
:102DF000DF61DF6927F48067DF613AE0036842F64C
:102E000000461D6A1A6AC4F2010622F010021A6214
:102E10001A46D3F804C052F8184FB3428E68D1F85E
:102E200000E025F0200545EA06150FD1CE68D1E96E
:102E300005986FF0400725F0C00507EA06163543F0
:102E40002CF4406748EA090647EA860C24F4E64475
:102E500044EA0E27C3F804C09F614F6809699F6365
:102E60001D629F6947F400679F619F6927F480672F
:102E70009F6109021368194311600021BDE8F04306
:102E8000002280F83C200846704700BF0121002244
:102E900080F83C2008467047002804BF0120704796
:102EA00010B590F83D1031B9002180F83C1004466F
:102EB00000F068F82046022180F83D10016840F2D9
:102EC000FF740B68C4F2000442F6004CA142C4F245
:102ED000010C15DCB1F1804F1AD040F20042C4F26F
:102EE0000002914214D0A14218DCB1F1804F1DD0F4
:102EF00040F20042C4F20002914217D01AE000BF33
:102F0000614505D040F60002C4F200029142EAD1C8
:102F1000826823F070031343A142E6DD614505D0CA
:102F200040F60002C4F20002914203D1026923F488
:102F300040731343846923F08002D0F804E0C3682F
:102F4000224361450A60CB62C1F828E002D14269A0
:102F5000CCF8302001224A6180F8462080F83E20DB
:102F600080F83F2080F8402080F8412080F84220FF
:102F700080F8432080F8442080F8452080F83D20E8
:102F8000002010BD7047000070470000C1B1042947
:102F900008D0082914BF41224022825C012A05D0B2
:102FA00016E000BF3F22825C012A11D102220829CB
:102FB00010D0042914BF80F8412080F83F200BE096
:102FC00090F83E20012A03D1022280F83E2003E03F
:102FD0000120704780F84020006801F01F010122A5
:102FE000036A8A4023EA02010162036A42F644410D
:102FF000C4F201011A43A1F14403984202620FD0C6
:1030000040F2FF71C4F20001884213DCB0F1804F3E
:103010001CD040F20041C4F20001884216D01CE0EE
:103020000A6842F400420A6040F2FF71C4F20001F3
:103030008842EBDD42F60041C4F20101884205D02E
:1030400040F60001C4F20001884206D1816801F017
:103050000701062904BF00207047016841F0010103
:103060000160002070470000006840F20041C4F297
:103070000001884200F0A68040F60001C4F2000181
:10308000884218BF70472DE9F04140F25816C2F24D
:103090000006307F002800F09380F06A746B05F022
:1030A000B1FF0546204605F0ADFF0146284603F076
:1030B00063FD7062306BB46B05F0A4FF05462046DB
:1030C00005F0A0FF0146284603F0B2FDB06203F010
:1030D0000DFE40F2F004716AC2F20004206108465D
:1030E00003F004FE40F23C15C2F200052968E060DE
:1030F000084605F04BFF216903F0BCFE05F082FF96
:10310000296802460846114605F0B2FD286005F020
:1031100059FF03F025FE40F23815C2F20005296878
:10312000B060084605F032FFE16803F043FE05F0A9
:1031300069FF296802460846114605F099FD286096
:1031400005F040FF03F00CFE40F20008C4F2B42882
:103150004146044605F003FE0025CCF2B4250028C4
:103160001CBF0024C4F2B4242046294605F0F0FD1B
:10317000002808BF2C46B76841463846F46005F081
:10318000EEFD00281CBF0027C4F2B42738462946AC
:1031900005F0DEFD0028204608BF2F46B76003F08B
:1031A000C9FEB06803F0FEFE7068411C32287160F1
:1031B000B8BFBDE8F081316900207060481C306103
:1031C000BDE8F08140F25810C2F2000001214177C1
:1031D00070470000704700007047000010B50446BB
:1031E0000068416994F84120212A56D111F08001EC
:1031F00053D000BF206850E8050F216820F0800000
:1032000041E80502DAB1206850E8050F216820F096
:10321000800041E8050292B1206850E8050F21685E
:1032200020F0800041E805024AB1206850E8050F0F
:10323000216820F0800041E80502002ADAD1A06B65
:10324000002818BFFEF7D2F9206850E8030F216864
:1032500020F0C00041E80302DAB1206850E8030F13
:10326000216820F0C00041E8030292B1206850E8D4
:10327000030F216820F0C00041E803024AB1206832
:1032800050E8030F216820F0C00041E80302002A43
:10329000DAD1202084F841002068406994F8421077
:1032A000222940F0A78010F0400000F0A38000BF6A
:1032B000206850E8050F216820F0400041E8050231
:1032C000DAB1206850E8050F216820F0400041E89D
:1032D000050292B1206850E8050F216820F04000F7
:1032E00041E805024AB1206850E8050F216820F046
:1032F000400041E80502002ADAD1E06B002818BF3F
:10330000FEF774F9206850E8030F216820F49070EC
:1033100041E80302BAB3206850E8030F216820F4A3
:10332000907041E8030272B3206850E8030F2168EF
:1033300020F4907041E803022AB3206850E8030F9C
:10334000216820F4907041E80302002ADAD11AE0E3
:10335000206850E8050F216820F0010041E80502CF
:10336000DAB1206850E8050F216820F0010041E83B
:10337000050292B1206850E8050F216820F0010095
:1033800041E805024AB1206850E8050F216820F0A5
:10339000010041E80502002ADAD1206B012824D17E
:1033A000206850E8030F216820F0100041E8030274
:1033B000DAB1206850E8030F216820F0100041E8DE
:1033C000030292B1206850E8030F216820F010003A
:1033D00041E803024AB1206850E8030F216820F059
:1033E000100041E80302002ADAD1202084F84200CC
:1033F00000202063002010BD70470000B0B582B0EF
:1034000001680A68CC684B6902F02F05202D04F092
:10341000200505D125B102B0BDE8B04003F0E6BFFC
:103420005FEA027C1EBF03F0010E04F4907313EBFD
:103430000E0341D1036BD50618D5012B16D114F01C
:10344000100313D0002201920A6801924A68019287
:10345000019A496949064BD4818DC28DC38D002BD9
:1034600018BF914240F0F48102B0B0BD13062DD5D3
:1034700014F080032AD090F84120212AF4D18268E8
:10348000B2F5805F03D10269002A00F06782026A08
:10349000531C036212784A60C28C013A1304C2843E
:1034A000E2D1C86820F08000C860C86840F04000E1
:1034B000C86002B0B0BD00BFD30718BF14F480735A
:1034C00040F0D080530700F1D380D8E05206CBD52E
:1034D00014F04002C8D0CA6822F04002CA6020211D
:1034E00080F8411002B0BDE8B04000F0C3BD00BF9D
:1034F000C16B0A68526893B2002BB5D0858DAB4280
:10350000B2D2C2858969202900F0A180016851E802
:10351000031F026821F4807142E80313DBB10168E4
:1035200051E8031F026821F4807142E8031393B14C
:10353000016851E8031F026821F4807142E8031317
:103540004BB1016851E8031F026821F4807142E821
:103550000313002BDAD1016851E8051F026821F03E
:10356000010142E80513C3B3016851E8051F026871
:1035700021F0010142E805137BB3016851E8051F02
:10358000026821F0010142E8051333B3016851E8F4
:10359000051F026821F0010142E80513002BDAD172
:1035A0001BE000BF016851E8051F026821F04001DF
:1035B00042E80513DBB1016851E8051F026821F0FC
:1035C000400142E8051393B1016851E8051F026804
:1035D00021F0400142E805134BB1016851E8051F95
:1035E000026821F0400142E80513002BDAD12021C6
:1035F00080F8421000210163016851E8031F02684E
:1036000021F0100142E80313DBB1016851E8031F08
:10361000026821F0100142E8031393B1016851E8F8
:10362000031F026821F0100142E803134BB1016847
:1036300051E8031F026821F0100142E80313002B38
:10364000DAD1C16B04460846FDF7D0FF20460221BF
:103650004163818DC28D891A89B202B0BDE8B04044
:10366000FFF7BABD436C43F001034364530706D52B
:10367000BEF1000F03D0436C43F002034364930791
:1036800006D5BEF1000F03D0436C43F0040343643E
:10369000BCF1000F06D55EEA050303D0436C43F08E
:1036A00008034364436C002B3FF4DEAE920605D55D
:1036B00025B1044603F09AFE216820464969426C10
:1036C00001F0400102F00802891800F0B98000BF43
:1036D000016851E8031F026821F4907142E8031366
:1036E000BBB3016851E8031F026821F4907142E8FE
:1036F000031373B3016851E8031F026821F490714A
:1037000042E803132BB3016851E8031F026821F458
:10371000907142E80313002BDAD11AE0016851E8F6
:10372000051F026821F0010142E80513DBB10168C1
:1037300051E8051F026821F0010142E8051393B129
:10374000016851E8051F026821F0010142E80513F4
:103750004BB1016851E8051F026821F0010142E800
:103760000513002BDAD1016B012924D1016851E83E
:10377000031F026821F0100142E80313DBB1016866
:1037800051E8031F026821F0100142E8031393B1CE
:10379000016851E8031F026821F0100142E8031399
:1037A0004BB1016851E8031F026821F0100142E8A3
:1037B0000313002BDAD1202180F84210002101638D
:1037C00001684969490640F1C380016851E8051F55
:1037D000026821F0400142E80513DBB1016851E8BD
:1037E000051F026821F0400142E8051393B101680A
:1037F00051E8051F026821F0400142E805134BB172
:10380000016851E8051F026821F0400142E80513F4
:10381000002BDAD1C16B002900F09A8047F2350203
:10382000C0F60002044608464A63FDF703FF00287D
:103830003FF41AAEE06B416B02B0BDE8B040084700
:103840000446FFF7D9FD0020606402B0B0BD00BFA0
:10385000891A00BF026852E8032F036822F49072AD
:1038600043E80325BDB3026852E8032F036822F43E
:10387000907243E8032575B3026852E8032F03688A
:1038800022F4907243E803252DB3026852E8032F17
:10389000036822F4907243E80325002DDAD11AE080
:1038A000026852E8052F036822F0010243E805256B
:1038B000DDB1026852E8052F036822F0010243E8F7
:1038C000052595B1026852E8052F036822F0010230
:1038D00043E805254DB1026852E8052F036822F040
:1038E000010243E80525002DDAD1202280F842208C
:1038F00000220263026852E8032F036822F01002DC
:1039000043E80325DDB1026852E8032F036822F083
:10391000100243E8032595B1026852E8032F0368BB
:1039200022F0100243E803254DB1026852E8032F4C
:10393000036822F0100243E80325002DDAD10222A9
:1039400089B2426302B0BDE8B040FFF745BC00BF9A
:1039500002B0BDE8B040FFF74FBD00BF026A32F8C9
:10396000023B6FF35F234B60026295E5002804BFC2
:103970000120704710B5044690F8410028B9002096
:1039800084F84000204600F063F8242084F84100C9
:103990002068D4E90212C36823F40053C3600369AA
:1039A00023F440531A430261D4E904231143C2684B
:1039B000194341F20C639A431143C1604169A26902
:1039C00021F44071114343F60002C4F20102904217
:1039D000416103D0FEF750FC02E000BFFEF760FC3F
:1039E000D4E90023192148439900B0FBF1F048F2D3
:1039F0001F5CC5F2EB1CA0FB0C314FF69C73490910
:103A0000C0F6FF7301FB0300322303EB0010A0FBA1
:103A10000C03F02000EA531000EB0110C3F3431134
:103A2000084490601069202120F490401061506992
:103A300020F02A005061D06840F40050D06000208F
:103A4000606484F8411084F84210606310BD000087
:103A50002DE9F04186B00446006844F20041C4F20A
:103A60000001002788420597CDE90377029741D0EE
:103A700043F60001C4F20101884240F0A28041F205
:103A80001800C4F20200016802AD41F480410160F7
:103A9000016801F4804101910199016841F0080138
:103AA00001600068294600F008000190019840205C
:103AB0000290022003900320059040F60000C4F21B
:103AC000010000F580642046FDF786FF802002900B
:103AD0000020CDE9030020462946FDF77DFF0420A4
:103AE000C4F201000168252441F0E06141F00401C5
:103AF00001605EE041F21800C4F20200416840F645
:103B0000000541F4003141604168C4F2010501F44F
:103B1000003101910199016802AE41F00401016098
:103B2000006840F26C0800F0040001900198042045
:103B30000290022003900320059028463146C4F2EB
:103B40000208FDF749FF0820CDE902072846314663
:103B50000497FDF741FF40F2B015C2F20005802640
:103B60002846C5E90087C5E90276C5E90477C5E9B5
:103B70000677FDF78BFE002818BFFDF731FDE563E2
:103B80006C6240F2F41508F11400C2F20005102135
:103B9000002285E847002846C5E90422C5E9062237
:103BA000FDF774FE002818BFFDF71AFDA5636C62CF
:103BB0002624204600210022FEF744FA2046FEF784
:103BC0002FFA06B0BDE8F08190F84230202B0BD1DF
:103BD00094460A4600294FF0010118BFBCF1000FBE
:103BE00006D10846704700BF02210846704700BF53
:103BF00070B582B00025222105638262A0F82CC036
:103C0000456480F842100168C36B47F2BD1447F267
:103C10001D3E47F24106C0F60004C0F6000EC0F695
:103C20000006C3E90A4EC3E90C6504310446184690
:103C30006346FDF76DFE0195216820460A680192F2
:103C4000496801910199216931B300BF016851E8C8
:103C5000031F026841F4807142E80313E3B1016875
:103C600051E8031F026841F4807142E803139BB1DD
:103C7000016851E8031F026841F4807142E80313B0
:103C800053B1016851E8031F026841F4807142E8B2
:103C90000313002BDAD100BF016851E8051F026849
:103CA00041F0010142E80513BBB3016851E8051F6B
:103CB000026841F0010142E8051373B3016851E85D
:103CC000051F026841F0010142E805132BB30168AA
:103CD00051E8051F026841F0010142E80513002B7D
:103CE000DAD11AE0016851E8051F026841F040018D
:103CF00042E80513DBB1016851E8051F026841F095
:103D0000400142E8051393B1016851E8051F0268BC
:103D100041F0400142E805134BB1016851E8051F2D
:103D2000026841F0400142E80513002BDAD100207F
:103D300002B070BD70470000704700002DE9F043ED
:103D400081B0044690F84100202809D18846002916
:103D50004FF0010018BF002A06D101B0BDE8F08382
:103D6000022001B0BDE8F0830020606421201D46E0
:103D700084F841001646FDF743FFA684E684A16857
:103D80000646B1F5805F03D12069002800F09480D9
:103D900047464FF00008E18C2068002900F092802F
:103DA00005F101090BE000BF47B317F8011B4160A3
:103DB000E18C0139E184E18C002900F08380016805
:103DC0000906F1D4B9F1000F0AD0EDB1FDF718FFE3
:103DD000801BA84218D8206801680906F6D5E3E7D9
:103DE00001680906E0D4016809065CBF01685FEA62
:103DF0000161D9D401680906F2D5D5E738F8021B6C
:103E000000276FF35F21D2E7206850E8030F216895
:103E100020F4D07041E80302BAB3206850E8030FE1
:103E2000216820F4D07041E8030272B3206850E8A2
:103E3000030F216820F4D07041E803022AB3206800
:103E400050E8030F216820F4D07041E80302002AF3
:103E5000DAD11AE0206850E8050F216820F001004F
:103E600041E80502DAB1206850E8050F216820F02A
:103E7000010041E8050292B1206850E8050F216871
:103E800020F0010041E805024AB1206850E8050F22
:103E9000216820F0010041E80502002ADAD1202043
:103EA00084F8410084F84200002084F84000032098
:103EB00001B0BDE8F08300BF0027E18C2068002935
:103EC0007FF46EAF016849060FD4F5B1691C17D1B4
:103ED0000168490609D4016849065CBF01685FEAC8
:103EE000416102D401684906F2D5202084F84100DE
:103EF000002001B0BDE8F083206800684006F4D4DB
:103F0000FDF77EFE801BA842F6D9206850E8030F1B
:103F1000216820F4D07041E80302EAB3206850E839
:103F2000030F216820F4D07041E80302A2B3206897
:103F300050E8030F216820F4D07041E803025AB31F
:103F4000206850E8030F216820F4D07041E8030294
:103F5000002ADAD120E000BF206850E8050F216870
:103F600020F0010041E80502002A98D0206850E8BE
:103F7000050F216820F0010041E80502002A3FF406
:103F80008EAF206850E8050F216820F0010041E85D
:103F90000502002A3FF483AF206850E8050F21682E
:103FA00020F0010041E80502002AD5D177E70000A2
:103FB00090F84130202B09D1944600294FF001029E
:103FC00018BFBCF1000F05D1104670470222104601
:103FD000704700BF70B5002221230162A0F824C001
:103FE000A0F826C0426480F841300468836B47F231
:103FF000353E47F2E53547F24106C0F6000EC0F601
:104000000005C0F60006C3E90AE5C3E90C62221DFB
:10401000044618466346FDF77BFC216820466FF096
:1040200040020A60016851E8051F026841F0800102
:1040300042E80513DBB1016851E8051F026841F051
:10404000800142E8051393B1016851E8051F026839
:1040500041F0800142E805134BB1016851E8051FAA
:10406000026841F0800142E80513002BDAD10020FC
:1040700070BD00007047000070470000FEE70000C0
:104080002DE9F04383B0044600680F4601680A9D9D
:104090000B9E41F4807199469046016020464FF096
:1040A000011100222B46009600F0ACF850B12068B8
:1040B0000068C00544BF4FF400702064032003B0C3
:1040C000BDE8F083206807F0FE0101610221C0F223
:1040D000010120462A46334600F07AF920B101203A
:1040E00003B0BDE8F08300BF002002902068324694
:1040F000416902918069294602900298204600F0A9
:10410000D3F958B1206C0428E9D12068016841F442
:1041100000710160012003B0BDE8F0832068B9F1AF
:10412000010F0AD04FEA1821016120462946324684
:1041300000F0BAF90028E5D120685FFA88F1016142
:10414000002003B0BDE8F08370B50368044653F85F
:10415000140F400711D40E46481C29D086BB00BF5F
:104160001868400527D4FDF74BFD236853F8140F5A
:10417000400737D518684007F2D5002070BD00BF52
:1041800018684007F9D41868400514D41868400727
:10419000F3D4186840050ED418684007EDD41868A9
:1041A000400508D4186840074FF0000048BF70BDB4
:1041B00018684005E4D56FF480601860042012E0B0
:1041C000154603E053F8140F4007D6D4186840058D
:1041D000F1D4FDF715FD401B2368B042F2D95869B0
:1041E0004007EFD4202000212022216384F83D20C5
:1041F00084F83E10226C10432064012084F83C10A7
:1042000070BD00002DE9F041054600681E461446C9
:1042100001F47F0201338FB242D0DDF81880B2F58D
:10422000803F40F0878040693840C01BB0FA80F082
:104230004009A04240F0C8804EB924E040693840AF
:10424000C01BB0FA80F04009A04240F0BD80FDF7ED
:10425000D7FCA0EB08012868B142EFD94169394089
:10426000C91BB1FA81F14909A142E7D19BE000BF26
:1042700040693840C01BB0FA80F04009A0424FF0BE
:10428000000040F0A280FDF7BBFC2868416939407E
:10429000C91BB1FA81F14909A142E9D183E000BF0C
:1042A000B2F5803F24D100BF41693940C91BB1FA42
:1042B00081F14909A14240F0878041693940C91B19
:1042C000B1FA81F14909A14240F07E80416939404B
:1042D000C91BB1FA81F14909A14275D1416939403F
:1042E000C91BB1FA81F14909A142DDD06CE000BFE0
:1042F00081693940C91BB1FA81F14909A14263D1F1
:1043000081693940C91BB1FA81F14909A1425BD1E8
:1043100081693940C91BB1FA81F14909A14253D1E0
:1043200081693940C91BB1FA81F14909A142DFD045
:104330004AE000BF80693840C01BB0FA80F04009F5
:10434000A04241D146B923E080693840C01BB0FA91
:1043500080F04009A04237D1FDF752FCA0EB0801E4
:104360002868B142F0D981693940C91BB1FA81F19D
:104370004909A142E8D116E080693840C01BB0FA73
:1043800080F04009A0424FF0000018BFBDE8F08166
:10439000FDF736FC286881693940C91BB1FA81F103
:1043A0004909A142E8D100202021286385F83D1069
:1043B00085F83E00296C41F02001296485F83C0015
:1043C0000120BDE8F08100BF0020BDE8F0810000C1
:1043D000F0B581B0044600681D4643698FB203EA18
:1043E0000701B94202D1002001B0F0BD4169164673
:1043F00001323CD0490512D47EB300BFFDF700FC6A
:10440000411B2068B14203D941693940B9422BD1DF
:1044100041693940B942E6D041694905EED50168A4
:1044200041F4007101606FF480614161042000215A
:104430002022216384F83D2084F83E10226C104332
:10444000206484F83C10012001B0F0BD416939407E
:10445000B942C8D041694905E1D4FDF7D1FB2068D4
:1044600041693940B942F1D02020E0E7416949056E
:10447000D5D441693940B942B5D041694905CED456
:1044800041693940B942AED041694905C7D4416953
:104490003940B942A7D041694905C0D44169394082
:1044A000B942E3D19FE7000070B50368044653F8B2
:1044B000140F000611D40E46481C29D086BB00BF3D
:1044C0001868400527D4FDF79BFB236853F8140FA9
:1044D000000637D518680006F2D5002070BD00BF71
:1044E00018680006F9D41868400514D41868000646
:1044F000F3D4186840050ED418680006EDD4186887
:10450000400508D4186800064FF0000048BF70BD91
:1045100018684005E4D56FF480601860042012E04C
:10452000154603E053F8140F0006D6D4186840056A
:10453000F1D4FDF765FB401B2368B042F2D95869FE
:104540000006EFD4202000212022216384F83D20A2
:1045500084F83E10226C10432064012084F83C1043
:1045600070BD000010B540F2AC14C2F20004207817
:10457000411C052821703DD8DFE800F0042C1E26E0
:10458000163400BF01F042FC40F27410C2F2000089
:10459000022141710421817040F2AC30C2F200006E
:1045A00025A10F2224E000BF40F2AC30C2F200008F
:1045B00018A107221CE000BF40F2AC30C2F200009C
:1045C00019A1072214E000BF40F2AC30C2F2000093
:1045D00012A10CE040F2AC30C2F2000014A106229D
:1045E00006E000BF40F2AC30C2F2000006A1082293
:1045F000FFF7DEFC2078AB214143890A01EB410142
:10460000A0EB4100207010BD6D6964706F696E741D
:10461000000000006C6F776C656674006C6F7772D9
:1046200069676874000000007570726967687400DB
:1046300075706C6566740000436F727265637452C6
:10464000656453706F747300B0B540F2BC4040F2C3
:104650005015C2F20000C2F2000501686A68891AAA
:104660000A2901D2B0BD00BF006840F60044C4F280
:104670000104686020464FF48051FDF7B5FAB8B1E7
:1046800020464FF40051FDF7AFFA98B120464FF4A1
:104690000041FDF7A9FA78B1A4F580604FF480518C
:1046A000FDF7A2FAB0FA80F04009800005E000BFF3
:1046B000012002E0022000E003202978287020EA8F
:1046C00001010139032988BFB0BDDFE801F00345CE
:1046D000173900BF40F27413C2F20003002540F204
:1046E000AC3049F6AD51C2F20000C0F600010C2218
:1046F0001D71BDE8B040FFF75BBC00BF40F2741411
:10470000C2F20004A0790130A0710220207101F0F2
:104710007DFB40F2AC3049F6BA51C2F20000C0F65F
:1047200000011122FFF744FC4FF48170A0800520A6
:10473000A07040F25810C2F2000000210170B0BD1C
:1047400040F27410C2F20000817901318171BDE83C
:10475000B040FFF707BF00BF40F27414C2F200047C
:10476000A07901250130A071257101F04FFB40F2C5
:10477000AC3049F6AD51C2F20000C0F600010C2287
:10478000FFF716FCA580A570B0BD000080B582B013
:1047900041F21400C4F202000168002241F001015C
:1047A00001600068002100F00100019001981020D4
:1047B000FDF748FC1020FDF733FC112000210022FA
:1047C000FDF740FC112002B0BDE88040FDF728BC99
:1047D000F0B585B0002641F21800CDE90366CDE9B9
:1047E0000166C4F20200016841F2000441F01001C8
:1047F00001600168C4F2010401F010010091009908
:104800000168002241F02001016001684FF4005569
:1048100001F0200100910099016841F0040101605C
:10482000016801F0040100910099016841F008015C
:10483000016000684FF4005100F0080000900098FB
:104840002046FDF7D7F90195022001AD012704901C
:1048500020462946CDE90276FDF7BEF84FF43040F8
:1048600001A9C1C1A4F580602946FDF7B5F84FF450
:10487000805001A9C1C1A4F500602946FDF7ACF83C
:1048800005B0F0BD80B540F2382045F20041C2F2DB
:104890000000C4F2000148F2A06200234FF4804CF3
:1048A000C0F2010280E80E00C0E9033CC0E9053314
:1048B000C0E90733FDF7AAF9002808BF80BDBDE8AD
:1048C0008040FCF78DBE000070B594B040F28C20A3
:1048D0000021C2F2000040F2CF750E91CDE90C111B
:1048E0000991CDE90711CDE90511CDE90311CDE914
:1048F00001114FF0804240F2CF23C0E9021501615F
:104900008021C0E900238161FDF738FF002818BF2E
:10491000FCF766FE4FF480500B9040F28C20C2F200
:1049200000000BA9FEF72AF8002818BFFCF758FE74
:1049300040F28C20C2F20000FEF7AEFA002818BF49
:10494000FCF74EFE40F28C200024C2F2000008A9C1
:10495000CDE90844FDF7D2FE002818BFFCF740FE61
:104960006020CDE9010440F28C20C2F2000001A9D0
:10497000002203940594FEF78DF9002818BFFCF778
:104980002FFE40F28C24C2F2000401A9204604222A
:10499000FEF780F9002818BFFCF722FE21680020EE
:1049A000B1F1804FCDE912001190109002D014B0F7
:1049B00070BD00BF41F21800C4F20200016840F669
:1049C000000441F0040101600168C4F2010401F037
:1049D00004010F910F99016810AD41F008010160C9
:1049E0000068022600F008000F900F984FF4004076
:1049F00010902046294611961396FCF7EDFF0820EB
:104A0000CDE9100604F5806029461396FCF7E4FF13
:104A10000420C4F2010001684FF6FF42CFF6FF0206
:104A2000114041F0E06141F48071016014B070BD4B
:104A300080B586B040F2D4200021C2F2000040F2DE
:104A400000424FF0090C0591CDE90311CDE90011A9
:104A5000C4F200024723C0E9021C01618021C0E9C1
:104A600000238161FDF78AFE002818BFFCF7B8FD1E
:104A70004FF48050029040F2D420C2F2000002A90C
:104A8000FDF77CFF002818BFFCF7AAFD40F2D420F8
:104A9000C2F200006946FDF731FE002818BFFCF79E
:104AA0009FFD06B080BD000080B586B040F21C308E
:104AB0000021C2F2000040F600024FF0630C0591A5
:104AC000CDE90311CDE90011C4F2000241F61F4304
:104AD000C0E9021C01618021C0E900238161FDF76A
:104AE0004DFE002818BFFCF77BFD4FF4805002906C
:104AF00040F21C30C2F2000002A9FDF73FFF00287F
:104B000018BFFCF76DFD40F21C30C2F20000694690
:104B1000FDF7F4FD002818BFFCF762FD06B080BD6C
:104B200080B540F2643043F60001C2F20000C4F2E6
:104B3000010100234FF00C0C4FF4E13280E80E002D
:104B4000C0E90333C0E905C3C361FEF70FFF0028C6
:104B500008BF80BDBDE88040FCF742BD80B540F293
:104B6000AC3044F20041C2F20000C4F20001002364
:104B70004FF00C0C4FF4E13280E80E00C0E9033333
:104B8000C0E905C3C361FEF7F1FE002808BF80BD80
:104B9000BDE88040FCF724BDFEE700002DE9F04FA2
:104BA00081B040F25819C2F2000999F800200C2A8D
:104BB00000F24083DFE812F03B030E00A600C800BD
:104BC0006400EE000201DA002A0192001601500092
:104BD0007E0000BF99F81F20042A00F22B830E46A6
:104BE000DFE812F006001E04A803EE03440300BF32
:104BF000D9E90FA88346504604F004FA054640461A
:104C000004F000FADBF800100746084604F0FAF951
:104C100031680446084604F0F5F90346284639464B
:104C2000224602F095FE2946C9F8440004F06AFACB
:104C30000146384604F032FB04F0A8F9C9F84800F0
:104C4000DBF80000A0EB0A00C9F84C003068A0EBCC
:104C5000080000F014BC00BFD9F84C3099F81D20B2
:104C6000012BC0F2E780012A40F0E482884600214F
:104C700089F81D10D9F83410D9E91156CC1DE5E09A
:104C8000D9F8503099F81D20012BC0F20B81012A70
:104C900040F0D082D9F8382000270732C9F83820F0
:104CA0000B6889F81D70D21A48BF5242032A40F29D
:104CB0000881BFE2D9F8503099F81D20012BC0F2CD
:104CC0000781012A40F0B682002289F81D20D9F818
:104CD0003820D9F84C30D41D05E100BFD9F84C304C
:104CE00099F81D20012BC0F22D81012A40F0A282EB
:104CF0008846002189F81D10D9F83410D9E91156D9
:104D0000CC1D2BE199F81F20042A00F29382DFE8E2
:104D100012F005004103E102F9029502D9E91301FD
:104D2000002848BF4042D9E90F23002948BF494223
:104D30008842C9E90D238CBF0320042089F80000B4
:104D400001B0BDE8F08F00BFD9F84C3099F81D20B4
:104D5000012BC0F22B81012A40F06C828846D9F8E1
:104D60003410D9E91156CC1D29E100BFD9F84C30D7
:104D700099F81D20012BC0F25381012A40F05A827C
:104D80008846002189F81D10D9F83410D9E9115648
:104D9000CC1D51E1D9F84C3099F81D20012BC0F2FF
:104DA0007381012A40F046828846002189F81D104F
:104DB000D9F83410D9E91156CC1D71E1D9F8503029
:104DC00099F81D20012BC0F29381012A40F0328214
:104DD000002289F81D20D9F83820D9F84C30D41D8C
:104DE00091E100BFD9F8503099F81D20012BC0F295
:104DF000B581012A40F01E82002289F81D20D9F8D1
:104E00003820D9F84C30D41DB2E100BFD9F8503069
:104E100099F81D20012BC0F2D581012A40F00A82A9
:104E2000002289F81D20D9F83820D9F84C30D41D3B
:104E3000D2E100BF012A40F0FD818846002189F8B7
:104E40001D10D9F83410D9E91156CC1F82462046DE
:104E5000C9F8344004F0D6F80746304604F0D2F8DA
:104E600006462846394604F04DF9314603F000FF66
:104E700004F08CF8C9F83800DAF80000201A48BFAE
:104E80004042092800F2D681D8F80000C9F838005D
:104E9000DAF80010C9F83410C9E90B1001B0BDE808
:104EA000F08F00BF012A40F0C581D9F838200027D3
:104EB000073AC9F838200B6889F81D709A4240F00B
:104EC000B9810068C9F834000868C9F838009FE063
:104ED000012A40F0AF81002289F81D20D9F838203E
:104EE000D9F84C30D41FC9F83840C3B180462046A9
:104EF0000F4604F087F8D9E911510646084604F038
:104F000081F80146304604F0C9F9294603F048FF0C
:104F100004F03CF8394602464046C9F834200A6895
:104F2000A21A48BF5242092A00F284810068C9F8D7
:104F300034000968C9F83810C9E90B0101B0BDE8AF
:104F4000F08F00BF012A40F075818846002189F862
:104F50001D10D9F83410D9E91156CC1F82462046CD
:104F6000C9F8344004F04EF80746304604F04AF8D9
:104F700006462846394604F0C5F8314603F078FE67
:104F800004F004F8C9F83800DAF80C00201A48BF19
:104F90004042092800F24E81D8F80C00C9F83800C8
:104FA000DAF80C00C9F8340004203EE1012A40F090
:104FB00041818846D9F83410D9E91156CC1F824670
:104FC0002046C9F8344004F01DF80746304604F086
:104FD00019F806462846394604F094F8314603F09D
:104FE00047FE03F0D3FFC9F83800DAF800000021CB
:104FF000201A89F81D1048BF4042032800F21A8188
:10500000D8F80000C9F83800DAF80000C9F8340010
:10501000012089F81F0089F8000001B0BDE8F08F79
:10502000012A40F007818846002189F81D10D9F82F
:105030003410D9E91156CC1F82462046C9F83440B5
:1050400003F0E0FF0746304603F0DCFF0646284643
:10505000394604F057F8314603F00AFE03F096FF94
:10506000C9F83800DAF80800201A48BF404203287F
:1050700000F2E080D8F80800C9F83800DAF8080033
:10508000C9F83400D0E000BF012A40F0D380884640
:10509000002189F81D10D9F83410D9E91156CC1F18
:1050A00082462046C9F8344003F0ACFF074630463C
:1050B00003F0A8FF06462846394604F023F8314697
:1050C00003F0D6FD03F062FFC9F83800DAF80400F7
:1050D000201A48BF4042032800F2AC80D8F80400F0
:1050E000C9F83800DAF80400C9F8340033E000BF2A
:1050F000012A40F09F80002289F81D20D9F838202D
:10510000D9F84C30D41FC9F83840C3B18046204686
:105110000F4603F077FFD9E911510646084603F020
:1051200071FF0146304604F0B9F8294603F038FE15
:1051300003F02CFF394602464046C9F834204A683D
:10514000A21A48BF5242032A74D84068C9F83400F2
:105150004868C9F83800022067E000BF012A69D119
:10516000002289F81D20D9F83820D9F84C30D41FF6
:10517000C9F83840C3B1804620460F4603F042FFCD
:10518000D9E911510646084603F03CFF0146304676
:1051900004F084F8294603F003FE03F0F7FE3946D5
:1051A00002464046C9F83420CA68A21A48BF524293
:1051B000092A3FD8C068C9F83400C868C9F838005F
:1051C000042032E0012A35D1002289F81D20D9F8C7
:1051D0003820D9F84C30D41FC9F83840C3B18046C4
:1051E00020460F4603F00EFFD9E911510646084646
:1051F00003F008FF0146304604F050F8294603F05A
:10520000CFFD03F0C3FE394602464046C9F83420BC
:105210008A68A21A48BF5242032A0BD88068C9F88C
:1052200034008868C9F83800032089F81F0001207D
:1052300089F8000001B0BDE8F08F00BFD9E9132361
:10524000002A48BF5242002B48BF5B42C0689A42C6
:10525000C9F83400C868C9F8380094BF0C200B2086
:1052600089F8000001B0BDE8F08F00BFC168046894
:105270008246084603F0C6FEF168D6F8008005466F
:10528000084603F0BFFE0746204603F0BBFE044677
:10529000404603F0B7FE034628463946224602F050
:1052A00057FB2946C9F8440003F02CFF0146384655
:1052B00003F0F4FF03F06AFEC9F84800DAF80000D2
:1052C000DAF80C10401AC9F84C003068F168401A3E
:1052D000D5E000BFD9E91323002A48BF5242002B72
:1052E00048BF5B4240689A42C9F834004868C9F830
:1052F000380094BF0820072089F8000001B0BDE8FD
:10530000F08F00BFD9E91323002A48BF5242002B77
:1053100048BF5B4280689A42C9F834008868C9F87F
:10532000380094BF0A20092089F8000001B0BDE8C8
:10533000F08F00BFD0E901148046084603F062FEFA
:105340000546B246D6E9010603F05CFE0746204654
:1053500003F058FE0446304603F054FE0346284648
:105360003946224602F0F4FA2946C9F8440003F00F
:10537000C9FE0146384603F091FF03F007FEC9F865
:105380004800D8E90101081AC9F84C00DAE901011E
:1053900074E000BFD9E91323002A48BF5242002B12
:1053A00048BF5B429A4273D90068C9F83400086864
:1053B000C9F83800052089F8000001B0BDE8F08F79
:1053C000D0E902148046084603F01CFE0546B246AA
:1053D000D6E9020603F016FE0746204603F012FE49
:1053E0000446304603F00EFE034628463946224660
:1053F00002F0AEFA2946C9F8440003F083FE0146E4
:10540000384603F04BFF03F0C1FDC9F84800D8E966
:105410000201081AC9F84C00DAE902012EE000BFC7
:10542000D0E900148046084603F0ECFD0546B2467C
:10543000D6E9000603F0E6FD0746204603F0E2FD4C
:105440000446304603F0DEFD034628463946224630
:1054500002F07EFA2946C9F8440003F053FE0146E3
:10546000384603F01BFF03F091FDC9F84800D8E966
:105470000001081AC9F84C00DAE90001081AC9F855
:105480005000022089F8000001B0BDE8F08F00BF95
:105490000968C9F838100068C9F83400062089F88E
:1054A000000001B0BDE8F08F2DE9F04F81B040F26F
:1054B0005818C2F2000898F800200C2A00F26883FD
:1054C000DFE812F00E00BE00620098002C0012010E
:1054D0002601AA004E014E003A0118003A0000BF12
:1054E000012088F80000002088F81F0001B0BDE806
:1054F000F08F00BFD8F84C3098F81D20012BC0F277
:105500004381012A40F044838946002188F81D1018
:10551000D8F83410D8E911564C1C41E1D8F8503075
:1055200098F81D20012BC0F26781012A40F03083DA
:10553000D8F83820013265E1D8F8503098F81D20AD
:10554000012BC0F27381012A40F02283002288F8E7
:105550001D20D8F83820D8F84C30541C71E100BF19
:10556000D8F84C3098F81D20012BC0F29981012AFF
:1055700040F00E838946002188F81D10D8F83410B9
:10558000D8E911564C1C97E198F81F20042A00F224
:10559000FF82DFE812F005007D03190365030103B4
:1055A00090E88C00C0681A443A441044C21700EBDB
:1055B000927291E88900C968184438444318D8E9C0
:1055C0001301DF17002803EB977348BF4042921086
:1055D00000294FEAA3034FF0040748BF494288421D
:1055E00088BF0327C8E90D2388F8007001B0BDE823
:1055F000F08F00BFD8F84C3098F81D20012BC0F276
:105600008381012A40F0C4828946D8F83410D8E951
:1056100011564C1C81E100BFD8F84C3098F81D2081
:10562000012BC0F2AB81012A40F0B28289460021F1
:1056300088F81D10D8F83410D8E911564C1CA9E18F
:1056400098F81F20042A00F2A382DFE812F0050078
:10565000990339036903D502D0E90042D0E9023742
:1056600022441A443A44D31702EB9379D1E9005308
:10567000D1E902762B443B4433444FEAA902DF17B9
:1056800003EB977A834610464FEAAA06009103F08F
:10569000B9FC0746304603F0B5FC0646204603F049
:1056A000B1FC0446284603F0ADFC034638463146BB
:1056B000224602F04DF93946C8F8440003F022FDB5
:1056C0000146304603F0EAFD03F060FCC8F84800EC
:1056D000DBF80000A0EBA900C8F84C0000980068B7
:1056E000A0EBAA007BE300BFD8F84C3098F81D204F
:1056F000012BC0F27781012A40F04A8289460021BD
:1057000088F81D10D8F83410D8E911564C1C75E1F2
:10571000D8F8503098F81D20012BC0F29781012A4B
:1057200040F03682002288F81D20D8F83820D8F8BA
:105730004C30541C95E100BFD8F8503098F81D202B
:10574000012BC0F2B981012A40F02282002288F8A0
:105750001D20D8F83820D8F84C30541CB6E100BFD2
:10576000D8F8503098F81D20012BC0F2D981012AB9
:1057700040F00E82002288F81D20D8F83820D8F892
:105780004C30541CD6E100BF012A40F0018289460A
:10579000002188F81D10D8F83410D8E911564C1E95
:1057A00082462046C8F8344003F02CFC07463046B9
:1057B00003F028FC06462846394603F0A3FC314690
:1057C00003F056FA03F0E2FBC8F83800DAF80000FC
:1057D000201A48BF4042012800F2DA81D9F80000BF
:1057E000C8F83800DAF80010C8F83410C8E90B100F
:1057F00001B0BDE8F08F00BF012A40F0C981D8F8A0
:105800003820013AC8F838200B680027D21A88F8E7
:105810001D7048BF5242012A00F2BA810068C8F8E0
:1058200034000868C8F83800A0E000BF012A40F042
:10583000AF81002288F81D20D8F83820D8F84C30E5
:10584000541EC8F83840C3B1814620460F4603F0C5
:10585000D9FBD8E911510646084603F0D3FB0146AF
:10586000304603F01BFD294603F09AFA03F08EFB45
:10587000394602464846C8F834200A68A21A48BF8A
:105880005242012A00F284810068C8F83400096895
:10589000C8F83810C8E90B0101B0BDE8F08F00BFAF
:1058A000012A40F075818946002188F81D10D8F83A
:1058B0003410D8E911564C1E82462046C8F83440B0
:1058C00003F0A0FB0746304603F09CFB0646284643
:1058D000394603F017FC314603F0CAF903F056FBD2
:1058E000C8F83800DAF80C00201A48BF40420128F6
:1058F00000F24E81D9F80C00C8F83800DAF80C0034
:10590000C8F8340004203EE1012A40F04181894674
:10591000D8F83410D8E911564C1E82462046C8F8F3
:10592000344003F06FFB0746304603F06BFB06463E
:105930002846394603F0E6FB314603F099F903F0B7
:1059400025FBC8F83800DAF800000021201A88F892
:105950001D1048BF4042012800F21A81D9F800000A
:10596000C8F83800DAF80000C8F83400012088F8D8
:105970001F0088F8000001B0BDE8F08F012A40F058
:1059800007818946002188F81D10D8F83410D8E91D
:1059900011564C1E82462046C8F8344003F032FBB4
:1059A0000746304603F02EFB06462846394603F0EC
:1059B000A9FB314603F05CF903F0E8FAC8F83800B7
:1059C000DAF80800201A48BF4042012800F2E080BF
:1059D000D9F80800C8F83800DAF80800C8F8340028
:1059E000D0E000BF012A40F0D3808946002188F82A
:1059F0001D10D8F83410D8E911564C1E82462046A6
:105A0000C8F8344003F0FEFA0746304603F0FAFACD
:105A100006462846394603F075FB314603F028F95F
:105A200003F0B4FAC8F83800DAF80400201A48BFC6
:105A30004042012800F2AC80D9F80400C8F83800D0
:105A4000DAF80400C8F8340033E000BF012A40F05F
:105A50009F80002288F81D20D8F83820D8F84C30D4
:105A6000541EC8F83840C3B1814620460F4603F0A3
:105A7000C9FAD8E911510646084603F0C3FA0146AF
:105A8000304603F00BFC294603F08AF903F07EFA56
:105A9000394602464846C8F834204A68A21A48BF28
:105AA0005242012A74D84068C8F834004868C8F8DF
:105AB0003800022067E000BF012A69D1002288F87F
:105AC0001D20D8F83820D8F84C30541EC8F838407B
:105AD000C3B1814620460F4603F094FAD8E911512C
:105AE0000646084603F08EFA0146304603F0D6FB20
:105AF000294603F055F903F049FA3946024648466B
:105B0000C8F83420CA68A21A48BF5242012A3FD8B6
:105B1000C068C8F83400C868C8F83800042032E00B
:105B2000012A35D1002288F81D20D8F83820D8F86D
:105B30004C30541EC8F83840C3B1814620460F4649
:105B400003F060FAD8E911510646084603F05AFA04
:105B50000146304603F0A2FB294603F021F903F089
:105B600015FA394602464846C8F834208A68A21A0F
:105B700048BF5242012A0BD88068C8F834008868B0
:105B8000C8F83800032088F81F00012088F80000BA
:105B900001B0BDE8F08F00BFD8E91323002A48BF49
:105BA0005242002B48BF5B42C0689A42C8F834009A
:105BB000C868C8F8380094BF0C200B2088F8000093
:105BC00001B0BDE8F08F00BFD8E91323002A48BF19
:105BD0005242002B48BF5B4240689A42C8F83400EA
:105BE0004868C8F838008CBF0720082088F80000F3
:105BF00001B0BDE8F08F00BFC2680468824610465D
:105C00000D4603F0FFF9E968D5F80090064608460E
:105C100003F0F8F90746204603F0F4F90446484635
:105C200003F0F0F9034630463946224601F090FE73
:105C30003146C8F8440003F065FA0146384603F0DF
:105C40002DFB03F0A3F9C8F84800DAF80000DAF8F1
:105C50000C10401AC8F84C002868E968401ABEE0E9
:105C6000D8E91323002A48BF5242002B48BF5B42A9
:105C700080689A42C8F834008868C8F8380094BF31
:105C80000A20092088F8000001B0BDE8F08F00BFAD
:105C9000D8E91323002A48BF5242002B48BF5B4279
:105CA0009A4240F2A5800068C8F834000868C8F835
:105CB0003800052088F8000001B0BDE8F08F00BF73
:105CC000D0E9012482461046894603F09BF9054637
:105CD000D9E9010603F096F90746204603F092F948
:105CE0000446304603F08EF90346284639462246DC
:105CF00001F02EFE2946C8F8440003F003FA0146DD
:105D0000384603F0CBFA03F041F9C8F84800DAE965
:105D10000101081AC8F84C00D9E901015EE000BF92
:105D2000D0E9022482461046894603F06BF9054605
:105D3000D9E9020603F066F90746204603F062F946
:105D40000446304603F05EF90346284639462246AB
:105D500001F0FEFD2946C8F8440003F0D3F90146DE
:105D6000384603F09BFA03F011F9C8F84800DAE965
:105D70000201081AC8F84C00D9E902012EE000BF60
:105D8000D0E9002482461046894603F03BF90546D7
:105D9000D9E9000603F036F90746204603F032F948
:105DA0000446304603F02EF903462846394622467B
:105DB00001F0CEFD2946C8F8440003F0A3F90146DE
:105DC000384603F06BFA03F0E1F8C8F84800DAE966
:105DD0000001081AC8F84C00D9E90001081AC8F8EF
:105DE0005000022088F8000001B0BDE8F08F00BF2D
:105DF0000968C8F838100068C8F83400062088F828
:105E0000000001B0BDE8F08FFEE70000002000F0C8
:105E100001B800002DE9F04F85B040F23825044666
:105E200064270126C2F200050DF112080DF11309D5
:105E30004FF0000A4AF0B0008DF8100004A8CDE938
:105E4000000628467821002201230297FBF790FFE5
:105E500000208DF811000DF11100CDE90006284653
:105E60007821002201230297FBF782FF10208DF892
:105E700012002846782100220123CDE900860297EE
:105E8000FBF776FF4FF0000B2846782140220123D4
:105E90008DF81340CDE900960297FBF769FF0BF1EF
:105EA00001004FFA80FBBBF1FF3FEDDCBAF1070FB9
:105EB0000AF1010ABED305B0BDE8F08F2DE9F04725
:105EC00084B064206425FBF773FD40F23824AE20D3
:105ED000C2F200048DF80F0001260DF10F072046D5
:105EE000782100220123CDE9007602954FF00009C8
:105EF000FBF73EFF4FF020082046782100220123C7
:105F00008DF80F80CDE900760295FBF731FF4FF059
:105F1000100A20467821002201238DF80FA0CDE938
:105F200000760295FBF724FFB0208DF80F00204685
:105F3000782100220123CDE900760295FBF718FFB6
:105F4000C8208DF80F002046782100220123CDE9DA
:105F500000760295FBF70CFF2046782100220123F2
:105F60008DF80F90CDE900760295FBF701FF2046F2
:105F70007821002201238DF80FA0CDE9007602954B
:105F8000FBF7F6FE40208DF80F0020467821002216
:105F90000123CDE900760295FBF7EAFE81208DF81A
:105FA0000F002046782100220123CDE900760295DA
:105FB000FBF7DEFEFF208DF80F002046782100223F
:105FC0000123CDE900760295FBF7D2FEA1208DF8E2
:105FD0000F002046782100220123CDE900760295AA
:105FE000FBF7C6FEA6208DF80F0020467821002280
:105FF0000123CDE900760295FBF7BAFEA8208DF8C3
:106000000F002046782100220123CDE90076029579
:10601000FBF7AEFE3F208DF80F00204678210022CE
:106020000123CDE900760295FBF7A2FEA4208DF8AE
:106030000F002046782100220123CDE90076029549
:10604000FBF796FED3208DF80F0020467821002222
:106050000123CDE900760295FBF78AFE20467821E0
:10606000002201238DF80F90CDE900760295FBF711
:106070007FFED5208DF80F002046782100220123D5
:10608000CDE900760295FBF773FEF0208DF80F0046
:106090002046782100220123CDE900760295FBF706
:1060A00067FED9208DF80F002046782100220123B9
:1060B000CDE900760295FBF75BFE22208DF80F00FC
:1060C0002046782100220123CDE900760295FBF7D6
:1060D0004FFEDA208DF80F002046782100220123A0
:1060E000CDE900760295FBF743FE12208DF80F00F4
:1060F0002046782100220123CDE900760295FBF7A6
:1061000037FEDB208DF80F00204678210022012386
:10611000CDE900760295FBF72BFE20467821002280
:1061200001238DF80F80CDE900760295FBF720FE64
:106130008D208DF80F002046782100220123CDE923
:1061400000760295FBF714FE14208DF80F00204610
:10615000782100220123CDE900760295FBF708FEA5
:10616000AF208DF80F002046782100220123CDE9D1
:1061700000760295FBF7FCFD0020FFF74BFE04B014
:10618000BDE8F0872DE9F04389B040F2BC4040F211
:106190005816C2F20000C2F2000601687269891A3C
:1061A0006429C0F01C8200687061B07F052800F28D
:1061B0001682DFE810F00700EF0014027B002B01CD
:1061C0009B0100BF42F2200502ACC0F220054FF057
:1061D000203700200021224601230395029700F07A
:1061E00051FA40F23C10C2F20000006802F014FDC7
:1061F0000B4649F6FF410246C0F600012046FAF779
:1062000061F8002001212246012300F03BFA40F210
:10621000F000C2F2000002690FF254412046FAF782
:1062200051F8002002212246012300F02BFA3269A6
:1062300049F6CE41C0F600012046FAF743F80020A7
:1062400003212246012300F01DFAB06802F0E4FCAD
:106250000B4649F6EB410246C0F600012046FAF72C
:1062600031F8002004212246012300F00BFAF068E7
:1062700002F0D2FC0B4649F69D510246C0F60001E1
:106280002046FAF71FF8002005212246012300F0DE
:10629000F9F90020062122460123CDF80B50029780
:1062A00000F0F0F9CDE9027593E100BFD6E91323C0
:1062B00002ACD1A12046FAF705F8002000212246C1
:1062C000012300F0DFF9D6E90D2349F68551C0F628
:1062D00000012046F9F7F6FF0020012122460123A4
:1062E00000F0D0F9706C02F097FC02460B46C8A192
:1062F0002046F9F7E7FF002002212246012300F0A3
:10630000C1F9326949F6CE41C0F600012046F9F7DD
:10631000D9FF002003212246012300F0B3F9B06821
:1063200002F07AFC0B4649F6EB410246C0F600014A
:106330002046F9F7C7FF002004212246012300F080
:10634000A1F9F06802F068FC0B4649F69D5102463F
:10635000C0F600012046F9F7B5FF002005212246CE
:10636000012300F08FF9D6E91323AEA12046F9F7F7
:10637000A9FF002006212246012300F083F940F204
:106380000800C2F20000026A036BA9A12046F9F7D7
:1063900099FF1EE1D6E90B230DF10808A7A140469D
:1063A000F9F790FF002000214246012300F06AF92E
:1063B000D6E9090502F030FC814628460F4602F076
:1063C0002BFC05460C46A2A140464A463B46CDE979
:1063D0000054F9F777FF002001214246012300F025
:1063E00051F9D6E90D2349F68551C0F60001404622
:1063F000F9F768FF002002214246012300F042F92C
:1064000096F8202097A14046E1E000BF40F208073F
:10641000C2F200073A683B6949F6125102ACC0F675
:1064200000012046F9F74EFF0020002122460123FB
:10643000002500F027F97A687B6949F62951C0F6F2
:1064400000012046F9F73EFF0020012122460123EA
:1064500000F018F9BA68BB6949F64051C0F600016E
:106460002046F9F72FFF002002212246012300F0E9
:1064700009F996F8222049F6DB41C0F600012046D2
:10648000F9F720FF002003212246012300F0FAF84B
:10649000FA68FB6949F65751C0F600012046F9F742
:1064A00011FF002004212246012300F0EBF8D6E979
:1064B0000F2349F66E51C0F600012046F9F702FF9E
:1064C000002005212246012300F0DCF82020ADF851
:1064D0000800002006212246012300F0D3F842F2F2
:1064E00020008DF80A50ADF8080072E040F208056F
:1064F000C2F200052A6A2B6B49F6125102ACC0F6B3
:1065000000012046F9F7DEFE00200021224601238B
:1065100000F0B8F86A6A6B6B49F62951C0F60001C1
:106520002046F9F7CFFE002001212246012300F08A
:10653000A9F8AA6AAB6B49F64051C0F600012046A3
:10654000F9F7C0FE002002212246012300F09AF84C
:1065500096F8222049F6DB41C0F600012046F9F703
:10656000B1FE002003212246012300F08BF8EA6AE5
:10657000EB6B49F65751C0F600012046F9F7A2FE31
:10658000002004212246012300F07CF896F82030F8
:1065900096F8212049F66E51C0F600012046F9F721
:1065A00091FE002005212246012300F06BF896F8A9
:1065B00023200CA12046F9F785FE00200621224663
:1065C000012300F05FF896F8202008A12046F9F793
:1065D00079FE02AA00200721012300F053F809B038
:1065E000BDE8F0832564202000000000206D6F646A
:1065F00065203D20256420006478203D202530332F
:106600006420206479203D20253033642020000060
:10661000736C6F70653D2025302E3366202020205E
:1066200000000000202564202025642020000000B8
:1066300020202564202020256420200078203D2073
:10664000253033642079203D20253033642020001C
:10665000616E783D252E326620616E793D252E32A1
:10666000662020002020256420202020200000001B
:1066700054617259436F6D203D20256420202020F5
:10668000000000002DE9F04F8DB00F46012B0646AB
:10669000099200F07781022B40F03282099800784D
:1066A000002800F02D8240F238280021C2F20008B4
:1066B0000891A0F1200B782E88BF0137A7F1500078
:1066C000079788BF00268DF82C000BA800900120AA
:1066D0000190404678210022012364270297642418
:1066E000FBF746FB102040EA161006908DF82D00AF
:1066F0000DF12D0000900125404678210022012354
:10670000019502946424FBF733FB06F00E00013080
:1067100005908DF82E000DF12E00CDE900054046C4
:10672000782100220123012502946427FBF720FB36
:106730005FFA8BF049F2CC620101C0F60002515CB5
:1067400002EB001B8DF82F100DF12F04404678212D
:1067500040220123CDE9004501250297FBF708FB04
:106760009BF801009BF804109BF802909BF803A093
:1067700004918DF82F0040467821402201236427A0
:10678000CDE900450297FBF7F3FA40467821402215
:10679000012364278DF82F90CDE900450297FBF780
:1067A000E7FA40467821402201238DF82FA0CDE959
:1067B000004502974FF06409FBF7DAFA0498079F47
:1067C0008DF82F004046782140220123CDE9004575
:1067D000CDF80890FBF7CCFA9BF8050078218DF8EE
:1067E0002F00404640220123CDE90045CDF8089016
:1067F000FBF7BEFA9BF8060078218DF82F00404683
:1068000040220123CDE90045CDF80890FBF7B0FA0E
:106810009BF8070078218DF82F0040464022012385
:10682000CDE90045CDF80890FBF7A2FAA7F14F009B
:106830008DF830000CA8CDE90005404678210022F3
:106840000123CDF80890FBF793FA069878218DF88C
:1068500031000DF13100CDE9000540460022012351
:10686000CDF80890FBF784FA059878218DF832006E
:106870000DF13200CDE90005404600220123CDF89C
:106880000890FBF775FA9BF808000DF133048DF8BA
:106890003300CDE90045404678214022012364259C
:1068A0004FF001090295FBF763FA9BF80900782184
:1068B0008DF83300404640220123CDE9004902957E
:1068C0004FF0640AFBF754FA9BF80A0078218DF820
:1068D0003300404640220123CDE90049CDF808A00D
:1068E000FBF746FA9BF80B0078218DF83300404601
:1068F00040220123CDE90049CDF808A0FBF738FA82
:106900009BF80C0078218DF833004046402201238B
:10691000CDE90049CDF808A0FBF72AFA9BF80D0055
:1069200078218DF83300404640220123CDE900490B
:10693000CDF808A0FBF71CFA9BF80E0078218DF823
:106940003300404640220123CDE90049CDF808A09C
:10695000FBF70EFA9BF80F0078218DF833004046C4
:1069600040220123CDE90049CDF808A0FBF700FA49
:106970000899099A0131C8B2105C083600287FF4E2
:1069800097AEBDE009980078002800F0B980002299
:106990000892A0F120087E2E84BF01370026A7F1BF
:1069A00050008DF828000AA840F2382500900120F8
:1069B000C2F20005019028467821002201236424B8
:1069C00002944FF06409FBF7D3F9102040EA161047
:1069D0008DF829000DF12900009001242846782126
:1069E000002201230194CDF808904FF06409FBF7D1
:1069F000BFF906F00E0001308DF82A000DF12A00D3
:106A0000CDE9000428467821002201234FF0010B34
:106A1000CDF808906424FBF7ABF95FFA88F049F2EF
:106A2000A44200EB4000C0F6000212F8101002EB86
:106A300040098DF82B100DF12B0A284678214022B1
:106A40000123CDE900AB02946424FBF791F999F896
:106A5000010099F804108DF82B00012099F80280AC
:106A600099F803B00791019028467821402201232C
:106A7000CDF800A00294FBF77BF98DF82B80012460
:106A80002846A8467821402201236425CDF800A09D
:106A900001940295FBF76CF9CDE900A440467821FA
:106AA0004022012364248DF82BB04FF0010B4546A2
:106AB0000294FBF75DF9079878218DF82B002846A2
:106AC00040220123CDE900AB4FF001080294642479
:106AD000FBF74EF999F8050078218DF82B00284630
:106AE00040220123CDE900A80294FBF741F9089A5E
:106AF00009990132D0B2085C063600287FF448AF0D
:106B00000DB0BDE8F08F000040F25810C2F2000056
:106B1000012101770321C183002180F82010C0E901
:106B2000091178216222C0E90F12704740F2B800C3
:106B3000C2F200000021C4F248210022002300F12B
:106B4000380CC4F270238CE80E00002145F629426F
:106B5000C4F2A001C3F68F624CF6CD4300F14C0C99
:106B60006030C4F20C038CE80E004FF07A520EC075
:106B700070470000704700002DE9F04702460846C4
:106B8000114602F08BFB40F2B80AC2F2000ADAE9C1
:106B90000681DAE91379044602F06AF844F200014A
:106BA000C4F29C51064602F0D3F844F200010028DA
:106BB0001CBF44F20006C4F29C56CCF29C513046F5
:106BC00002F0DBF80025C4F2C82500283846294623
:106BD0001CBF44F20006CCF29C56CAF81C6002F0BE
:106BE000DFF807464846294602F0DAF8314602F057
:106BF00089FA06463846214602F084FA314602F008
:106C000037F8DAF8541006460846294602F0C8F864
:106C100005462046414602F041FB0146284602F067
:106C200071FA314602F024F8CAF81840BDE8F0873E
:106C30002DE9F04702460846114602F02FFB40F2CC
:106C4000B80AC2F2000ADAE90881DAE918790446DA
:106C500002F00EF844F20001C4F29C51064602F024
:106C600077F844F2000100281CBF44F20006C4F289
:106C70009C56CCF29C51304602F07FF80025C4F2BD
:106C8000C8250028384629461CBF44F20006CCF22D
:106C90009C56CAF8246002F083F807464846294605
:106CA00002F07EF8314602F02DFA064638462146BB
:106CB00002F028FA314601F0DBFFDAF868100646E8
:106CC0000846294602F06CF805462046414602F087
:106CD000E5FA0146284602F015FA314601F0C8FFF0
:106CE000CAF82040BDE8F0877047000080B5014633
:106CF0000020C4F2BE2002F0D1FA01F08DFF46F66A
:106D000017424CF26C13C1F2C162C3F6867301F0F4
:106D100097FD0023C4F23403002201F0F3FB43F695
:106D20000043C4F29F03002201F08AFD0023C4F255
:106D30004903002201F03EFB01F040FD80BD000050
:106D400010B540F28C24C2F2000420460021FCF76A
:106D50001DF920460421BDE81040FCF717B90000DA
:106D600080B501F05AFD0B4600210246C4F24901EC
:106D7000002001F063FE0023C4F23403002201F07E
:106D80005FFD48F20003C4F25603002201F058FDF3
:106D900043F60043C4F29F03002201F0B3FB4CF220
:106DA0000003C4F25703002201F004FB01F0D0FA03
:106DB00080BD00002DE9F04F81B0081A02F022F9E1
:106DC00040F2301BC2F2000B0446DBE90608214604
:106DD00001F04EFF44F20001C4F29C51064601F05E
:106DE000BEFF44F20005CCF29C5500281CBF44F2C3
:106DF0000006C4F29C563046294601F0A9FF40F235
:106E0000F001C2F2000140F20009002808BF2E463E
:106E100091E82104C4F2C8294946CBF8186001F072
:106E2000BFFF07462846494601F0BAFF314602F047
:106E300069F905463846214602F064F9294601F011
:106E400017FF05465046494601F0AAFF0646204670
:106E5000414602F023FA0146304602F053F9294632
:106E600001F006FFCBF81C4002F090F801B0BDE83D
:106E7000F08F00002DE9F04F81B0081A02F0C2F83F
:106E800040F2301BC2F2000B0446DBE90408214645
:106E900001F0EEFE44F20001C4F29C51064601F0FE
:106EA0005EFF44F20005CCF29C5500281CBF44F262
:106EB0000006C4F29C563046294601F049FF40F2D4
:106EC000F001C2F2000140F20009002808BF2E467E
:106ED00091E82104C4F2C8294946CBF8106001F0BA
:106EE0005FFF07462846494601F05AFF314602F047
:106EF00009F905463846214602F004F9294601F011
:106F0000B7FE05465046494601F04AFF0646204670
:106F1000414602F0C3F90146304602F0F3F8294633
:106F200001F0A6FECBF8144002F030F801B0BDE845
:106F3000F08F000010B504460020C4F2BE202146A8
:106F400002F0ACF901F068FE46F617424CF26C1301
:106F5000C1F2C162C3F6867301F072FC0023C4F271
:106F60003403002201F0CEFA43F60043C4F29F033B
:106F7000002201F065FC0023C4F24903002201F065
:106F800019FA01F0E5F940F23011C2F2000188600F
:106F90000C6002F017F840F28C21C2F2000109687F
:106FA000486310BD10B504460020C4F2BE2021463F
:106FB00002F074F901F030FE46F617424CF26C1301
:106FC000C1F2C162C3F6867301F03AFC0023C4F239
:106FD0003403002201F096FA43F60043C4F29F0303
:106FE000002201F02DFC0023C4F24903002201F02D
:106FF000E1F901F0ADF940F23011C2F20001C860D0
:107000004C6001F0DFFF40F28C21C2F20001096800
:10701000886310BDFAF79CBF7047000040F2D4208F
:10702000C2F20000FBF77CBD40F21C30C2F200004F
:10703000FBF776BD406A0021C185C184FCF7DCB94D
:10704000406A01684A6990F84130212B2DD112F035
:1070500080022AD00021C184016851E8031F026820
:1070600021F0C00142E80313DBB1016851E8031FBE
:10707000026821F0C00142E8031393B1016851E8AE
:10708000031F026821F0C00142E803134BB10168FD
:1070900051E8031F026821F0C00142E80313002BEE
:1070A000DAD1202180F841100168496990F8422026
:1070B000222A40F07D8011F0400179D00021C18565
:1070C000016851E8031F026821F4907142E803133C
:1070D000BBB3016851E8031F026821F4907142E8D4
:1070E000031373B3016851E8031F026821F4907120
:1070F00042E803132BB3016851E8031F026821F42F
:10710000907142E80313002BDAD11AE0016851E8CC
:10711000051F026821F0010142E80513DBB1016897
:1071200051E8051F026821F0010142E8051393B1FF
:10713000016851E8051F026821F0010142E80513CA
:107140004BB1016851E8051F026821F0010142E8D6
:107150000513002BDAD1016B012924D1016851E814
:10716000031F026821F0100142E80313DBB101683C
:1071700051E8031F026821F0100142E8031393B1A4
:10718000016851E8031F026821F0100142E803136F
:107190004BB1016851E8031F026821F0100142E879
:1071A0000313002BDAD1202180F842100021016363
:1071B000416C41F010014164FCF71EB90168406A5E
:1071C0000968890600F19F800021C185016851E8A6
:1071D000031F026821F4807142E80313E3B10168E0
:1071E00051E8031F026821F4807142E803139BB148
:1071F000016851E8031F026821F4807142E803131B
:1072000053B1016851E8031F026821F4807142E81C
:107210000313002BDAD100BF016851E8051F026893
:1072200021F0010142E80513BBB3016851E8051FD5
:10723000026821F0010142E8051373B3016851E8C7
:10724000051F026821F0010142E805132BB3016814
:1072500051E8051F026821F0010142E80513002BE7
:10726000DAD11AE0016851E8051F026821F04001F7
:1072700042E80513DBB1016851E8051F026821F0FF
:10728000400142E8051393B1016851E8051F026807
:1072900021F0400142E805134BB1016851E8051F98
:1072A000026821F0400142E80513002BDAD12021C9
:1072B00080F84210016B012925D100BF016851E817
:1072C000031F026821F0100142E80313DBB10168DB
:1072D00051E8031F026821F0100142E8031393B143
:1072E000016851E8031F026821F0100142E803130E
:1072F0004BB1016851E8031F026821F0100142E818
:107300000313002BDAD100214163016B012918BF5F
:10731000FCF710BD818DFBF75FBF0000406A0121C3
:107320004163016B012918BFFCF706BD818D490837
:10733000FBF752BF0168406A0968890648BFFCF73D
:1073400099BE0021C18400BF016851E8051F026891
:1073500021F0800142E8051383B3016851E8051F5D
:10736000026821F0800142E805133BB3016851E84F
:10737000051F026821F0800142E80513F3B101689E
:1073800051E8051F026821F0800142E80513002B37
:10739000DAD113E0016851E8031F026841F04001AF
:1073A00042E80313002B08BF7047016851E8031F30
:1073B000026841F0400142E8031393B1016851E8CB
:1073C000031F026841F0400142E803134BB101681A
:1073D00051E8031F026841F0400142E80313002B0B
:1073E000D8D17047406AFCF747BE000081B090F8E2
:1073F0004210222921D183680246B3F5805F09D16A
:1074000052F8281F52F8183C002B63D003685B68C1
:107410000AE000BF52F8281F13B90369002BF5D00A
:1074200003685B6803F07F030B7011680131116022
:10743000C18D01390A04C18502D001B0704700BF77
:107440000168CA6822F02002CA60CA6822F4807209
:10745000CA604A6922F001024A61202180F8421084
:1074600000214163026B012A3CD10163016851E8AC
:10747000031F026821F0100142E80313DBB1016829
:1074800051E8031F026821F0100142E8031393B191
:10749000016851E8031F026821F0100142E803135C
:1074A0004BB1016851E8031F026821F0100142E866
:1074B0000313002BDAD101680A68D20606D5002230
:1074C00000920A680092496800910099818D01B08C
:1074D000FBF782BE026852686FF35F2221F8022B2D
:1074E0008162A5E701B0FCF725BC000040F26430E2
:1074F000C2F20000FBF782BF10B582B040F2AC30A0
:10750000C2F2000000680168C90605D440F24800D4
:10751000C2F20000027823E000210191016801918C
:1075200040680190019840F2AC30C2F20000FBF7D5
:1075300055FE40F2B010C2F20000006840F248016F
:10754000C2F2000140680A7840F22D11101AC2F20E
:107550000001087040F22C10C2F2000001210170FD
:1075600040F2AC34C2F2000440F2F431C2F2000145
:107570002046FCF729FB204602B0BDE81040FBF78F
:107580003DBF00002DE9F04F83B040F22C18C2F24D
:10759000000898F80000012840F0568140F274106D
:1075A000C2F200004079022800F0A88001281FD014
:1075B000002840F0498140F2F436C2F20006BBA137
:1075C0003046F8F7CAFF0446B9A13046F8F7C5FFC0
:1075D0000546B8A13046F8F7C0FF002800F01E812C
:1075E00040F24C00C2F20000012101602CE100BF1A
:1075F00040F2F435C2F20005A4A12846F8F7ADFF29
:107600000646A3A12846F8F7A8FF0746A1A12846E9
:10761000F8F7A3FF0446A0A12846F8F79EFF83468B
:107620009EA12846F8F799FF82469DA12846F8F7C3
:1076300094FF81469BA12846F8F78FFF02909AA1FC
:107640002846F8F78AFF002E18BF002F00F0FC80B4
:10765000002C00F0F980BBF1000F00F0F580BAF1CA
:10766000000F00F0F180B9F1000F00F0ED80054649
:107670000298002800F0E880002D00F0E580B01CA2
:10768000F8F75EFF40F22806C2F200063060B81C30
:10769000F8F756FF40F23807C2F200073860A01C26
:1076A000F8F74EFF70600BF10200F8F749FF7860C1
:1076B0000AF10200F8F744FFB06009F10200F8F7A0
:1076C0003FFFB86002980230F8F73AFFF060A81C5C
:1076D000F8F736FF40F27412C2F20002D179F86076
:1076E000481CC1B20329D071C0F0AE8040F27411C1
:1076F0000020C2F20001C8714871A5E040F2F439DF
:10770000C2F2000957A14846F8F727FF824656A162
:107710004846F8F722FF074654A14846F8F71DFFF0
:10772000044653A14846F8F718FF054651A14846BC
:10773000F8F713FF064650A14846F8F70EFF8346B8
:107740004EA14846F8F709FF02904DA14846F8F7C8
:1077500004FF01904BA14846F8F7FFFE00904AA1B4
:107760004846F8F7FAFEBAF1000F18BF002F6BD0A9
:10777000002C69D0002D67D0002E65D0BBF1000F22
:1077800062D00146029800285ED0019800285BD0A4
:107790000098002858D0002956D00AF102008A46E5
:1077A000F8F7CEFE40F20809C2F20009C9F800005D
:1077B000B81CF8F7C5FE40F21807C2F2000738609F
:1077C000A01CF8F7BDFEC9F80400A81CF8F7B8FE25
:1077D0007860B01CF8F7B4FEC9F808000BF102009D
:1077E000F8F7AEFEB86002980230F8F7A9FEC9F8C3
:1077F0000C0001980230F8F7A3FEF8600098023000
:10780000F8F79EFE40F27414C2F2000420620AF1FE
:107810000200F8F795FE606216E000BF002C18BF6A
:10782000002D11D040F24C00C2F200000021016096
:10783000A01CF8F785FE40F27414C2F20004206127
:10784000A81CF8F77DFE60610020A8F8000040F257
:10785000F430C2F20000C821F8F7B0FE03B0BDE872
:10786000F08F00BF723100007232000072330000EE
:10787000723400007235000072360000723700006A
:107880007238000072390000723000007031000060
:10789000703200007033000070340000703500005A
:1078A000703600007037000070380000583D00004E
:1078B000593D00004E6F6E6500000000FEE70000BD
:1078C00040F2BC4040F25811C2F20000C2F2000186
:1078D00002688B69D21A322A38BF70472DE9F04FFF
:1078E00087B000688861D1E90260D1E9097A01F0C6
:1078F00093F980463046894601F08EF906463846AF
:107900008B4601F089F9074650460C4601F084F990
:10791000049040F264300D46C2F2000006A14246D7
:107920004B46CDE9006BCDE90274059500F0DAF81D
:1079300007B0BDE8F08F00BF252E32662C20252E23
:1079400032662C20252E32662C20252E32660A0027
:10795000F0B581B00D46014610461C4601F09EFC74
:107960000021064601F0E6F907462046294601F0C7
:1079700095FC314601F014FA002F18BF002001B029
:10798000F0BD000090B0FAF7F1FA00240120CDE933
:107990000B44CDE9094406900A904FF4E0104FF4EF
:1079A000803102250F9006A8CDE90714CDE90D51CD
:1079B000FAF78AFC20B1EFF3108072B6FEE700BF41
:1079C0000F20CDE901054FF48060CDE9040401A842
:1079D00002210394FAF772FB20B1EFF3108072B624
:1079E000FEE700BFFCF7F4FEFCF7D0FEFCF76CFFEF
:1079F000FDF75AF8FDF794F8FDF7B0F8FCF742FFF1
:107A0000FDF716F8FFF79CF900204FF00008FFF78C
:107A100091FA0020FFF7C6FA40F2AC30C2F2000043
:107A20000168CA6842F01002CA6040F24801C2F21E
:107A300000010A7840F2F431C2F20001FCF7C4F808
:107A400040F21C30C2F20000FAF760FF40F2D4208E
:107A5000C2F20000FAF75AFFFEF730FAFFF766F8B5
:107A6000FFF752F840F2741440F2080940F2180A85
:107A700040F2280640F2380740F24C05C2F20004FA
:107A8000C2F20009C2F2000AC2F20006C2F2000706
:107A9000C2F2000504E000BF2868E8B1C4E902882A
:107AA000FFF770FDFEF76EFBFFF70AFFFCF7CCFD5A
:107AB0002079012804D00028EED00228F0D106E079
:107AC00048465146FDF76AF820790228E8D1304649
:107AD0003946FDF7E9FCE3E7D4E90801C4E906010A
:107AE000DEE7000082B070B5C2B002AE0C460546BB
:107AF0003046FF21CDE94623F8F760FD46AA30461F
:107B000021460192F8F7CCFB3046F8F738FD82B2F7
:107B1000284631464FF47A73FCF710F9002818BF55
:107B2000F9F75EFD42B0BDE8704002B070475FEA11
:107B3000400C08BF91F0000F4FEA8C234FEAC1229E
:107B400043EA51514FEA1C5018BF00F5F0404FEA8C
:107B5000300018BF41F000415FEA6C5C00F0298002
:107B6000BCF1FF3F08BF40F080407047130C06BFD8
:107B700012044FF0100C4FF0000C130E04BF120251
:107B80000CF1080C130F04BF12010CF1040C930F3D
:107B900004BF92000CF1020CD30F04BF52000CF191
:107BA000010C11464FF00002A0F11F00A0EB0C00E9
:107BB000704711F0004F08BF704731F000413FF4AB
:107BC000D5AF0B0C06BF09044FF0100C4FF0000CA2
:107BD0000B0E04BF09020CF1080C0B0F04BF0901C6
:107BE0000CF1040C8B0F04BF89000CF1020CCB0FBD
:107BF00004BF49000CF1010CCCF1200322FA03F37D
:107C000041EA030102FA0CF2A0EB0C0000F10100C2
:107C10007047000023F07F4720F07F4C80EA03008C
:107C200000F00040ACEB070303F57C5303F1FF03C6
:107C30002DE9804909B44FEA144324EA03484FEA86
:107C4000154B25EA0B4E0FF2042606EB13273E7860
:107C500003FB0667C7F5000707FB06F64FEAD646A3
:107C600006F102064FEA543707FB066CCCF1005CC4
:107C70004FEA1C472CEA074C0CFB06F507FB06F401
:107C800004EB15464FEA961649085FEA320234BF04
:107C900000204FF000404FEAD13706FB07FC4FEAC7
:107CA0001C4C0CFB0BF7D21B03FB0CF761EB070121
:107CB0000CFB0EF7B0EB074072EB17420CFB08F71A
:107CC00034BFA2EB0742B2EB074261EB17414FEA28
:107CD0000C444FEA910706FB07FC4FEA1C4C0CFBD7
:107CE0000BF7B0EBC74072EB573203FB0CF734BF16
:107CF000A2EBC742B2EBC74261EB57310CFB0EF768
:107D0000B0EBC70072EB57720CFB08F734BFA2EB65
:107D1000C702B2EBC70261EB57714FEA816141EADA
:107D200092114FEA826242EA90124FEA806004EBBD
:107D3000CC04039F4FEAD13706FB07FC4FEA1C4CEB
:107D40000CFB0BF7D21B03FB0CF761EB07010CFBE1
:107D50000EF7B0EB074072EB17420CFB08F734BF8D
:107D6000A2EB0742B2EB074261EB17414FEA8C5599
:107D700004EB9C244FEA910706FB07FC4FEA1C4CDE
:107D80000CFB0BF7B0EBC74072EB573203FB0CF761
:107D900034BFA2EBC742B2EBC74261EB57310CFBD9
:107DA0000EF7B0EBC70072EB57720CFB08F734BF4D
:107DB000A2EBC702B2EBC70261EB57714FEA8161D8
:107DC00041EA92114FEA826242EA90124FEA8060E1
:107DD00015EB4C2544F100044FEAD13706FB07FCB4
:107DE0004FEA1C4C0CFB0BF7D21B03FB0CF761EBAF
:107DF00007010CFB0EF7B0EB074072EB17420CFBD0
:107E000008F734BFA2EB0742B2EB074261EB174120
:107E10004FEA813141EA92414FEA823242EA90428E
:107E20004FEA80304FEA0C7615EB1C1544F1000444
:107E300048EA03434EEA0B484FF0000EB2EB080C41
:107E400071EB030724BF624639464EEB0E0E4FF02E
:107E5000000B0018524149414BEB0B0BB2EB080CE5
:107E600071EB03077BF1000B24BF624639464EEBF2
:107E70000E0E4FF0000B0018524149414BEB0B0B1B
:107E8000B2EB080C71EB03077BF1000B24BF6246D9
:107E900039464EEB0E0E51EA020718BF46F00106B6
:107EA00016EB0E7655F1000254F1000103D5BDE842
:107EB0008901BDE80088BDE88901BDE80048B61920
:107EC000524141EB0101A3F10103704780807F7EA5
:107ED0007D7C7B7A79787776767574737271717040
:107EE0006F6E6E6D6C6C6B6A6A69686867666665F2
:107EF0006464636362616160605F5F5E5E5D5D5C80
:107F00005C5B5B5A5A5959585857575656555555F0
:107F10005454535352525251515050504F4F4F4E50
:107F20004E4D4D4D4C4C4C4B4B4B4A4A4A4949499E
:107F300048484847474747464646454545444444E0
:107F40004443434343424242424141419C46002B09
:107F500030D477002BD04FEA37071CB503B44FF06D
:107F600010004FF01001BAF1000F06D0BCF1000F65
:107F7000DCBF40F0080040F008014FF000000FBCEB
:107F8000BDE810400BF1010BBBF1010F08BF5FEA28
:107F9000170722BF12F1010211F101014FF0004158
:107FA00043F1000300F0004043EA00007047F9D3BA
:107FB0005708D0E746EA06464FEA164613F1400F47
:107FC0001FDD13F1200FDFBF16430A4600212033C7
:107FD0005B42BED0C3F1200746EA06464FEA16468A
:107FE00002FA07F746EA070622FA03F2C3F120076E
:107FF00001FA07F742EA070221FA03F14FF0000302
:10800000A7E746EA020646EA06464FEA164646EA69
:108010000106BCBF46EA0646360C4FF000034FF09F
:1080200000024FF0000194E72DE9804C70B49A46AD
:10803000934691E8380007C831EA400C48BF34EA5B
:10804000430C03D5FFF7E6FDFFF780FFF0BCBDE86A
:10805000008C2DE9804C70B49A46934691E8380024
:1080600007C810F0804F08BF13F0804F03D100F015
:1080700005F8FFF76BFFF0BCBDE8008C20F07F47F0
:1080800023F07F4C80EA030000F0004007EB0C0374
:10809000A3F57C53A3F1FE0392F0000F00F0B38030
:1080A00095F0000F00F077802DE901494FEA11406B
:1080B00021EA00484FEA144624EA064700FB06FC82
:1080C00008FB06F607FB08F818EB06484CEB164CC5
:1080D00000FB07F718EB07484CEB17404FEA124B31
:1080E00022EA0B4E4FEA154625EA06470BFB06FC33
:1080F0000EFB06F607FB0EFE1EEB064E4CEB164C77
:108100000BFB07F71EEB074E4CEB174B18EB0B085E
:1081100040F1000018EB0E0B58EB000840F1000096
:108120008F1A4FF000014FF000063CBFC943661B99
:1081300014BFB5EB040C00213CBFC943F61B4FEA4A
:10814000174427EA04454FEA1C472CEA074C04FB76
:10815000076205FB07F70CFB05F616EB074642EB3B
:10816000174204FB0CFC16EB0C4642EB1C421BEBCB
:10817000060658EB020241414EEA8E0E46EA9E0682
:1081800001D5BDE80189B619524141EB0101A3F1C6
:108190000103BDE801894FEA144524EA05464FEA88
:1081A000114721EA074C05FB07F406FB07F70CFB18
:1081B00006F111EB074144EB174405FB0CFC11EBF6
:1081C0000C4144EB1C444FEA124722EA074C05FBE2
:1081D00007F206FB07F70CFB06F616EB074642EB29
:1081E000174205FB0CFC16EB0C4642EB1C456A18CB
:1081F00054F1000148BF7047B619524141EB0101EB
:10820000A3F10103704795F0000F37D04FEA1142F8
:1082100021EA02464FEA144724EA074C02FB07F121
:1082200006FB07F70CFB06F414EB074441EB174180
:1082300002FB0CFC14EB0C4441EB1C414FEA1547CC
:1082400025EA074C02FB07F506FB07F70CFB06F6D1
:1082500016EB074645EB174502FB0CFC16EB0C46EC
:1082600045EB1C42121951F1000148BF7047B61985
:10827000524141EB0101A3F1010370474FEA14455C
:1082800024EA05464FEA114721EA074C05FB07F1AE
:1082900006FB07F70CFB06F212EB074241EB174116
:1082A00005FB0CFC12EB0C4251EB1C414FF000069D
:1082B00048BF7047921841EB0101A3F101037047D9
:1082C000490050EAC12018BF04204A0D18BF40F0F1
:1082D000010040F2FF72B2EB515F08BF40F00200B4
:1082E000012808BF0520704730380A2801D2012034
:1082F000704700207047000010B500290AD00878A8
:10830000002807D005487844F9F712F9002801D071
:10831000002010BD0248784410BD0000E61A00009D
:10832000DE1A000010B500290AD00878002807D00E
:1083300005487844F9F7FCF8002801D0002010BD6A
:108340000248784410BD0000D61A0000CE1A000082
:1083500021F0004201F00043A2F16052B2F5801F0B
:1083600028BFD2F17F6C0BD95FEA001C43EAC2023E
:1083700042EB507018BF704728BF20F001007047D3
:10838000B2F5801FBCBF184670474FEA410C1CF580
:10839000001F02D2084600F07CBF70B500F0FAFA68
:1083A00000000089FFF7F6BF4FF00040A0F5800005
:1083B0007047000010B591EA030F48BF83F00043F7
:1083C00000F14483841A71EB030C05D2121943EBBC
:1083D0000C03001B61EB0C014FEA1154A4EB135C7E
:1083E000DFF81CE11EEA430F18BF9EEA445F00F06D
:1083F000748021EA045123EA0E0343F48013DCF174
:10840000200E32D322FA0CFE10EB0E0023FA0CFEE3
:1084100041EB0E01CCF1200E03FA0EFE10EB0E0024
:10842000CCF1200E51F10001B1F5801F32D201EBE9
:10843000045112FA0EF2BDE8104058BF7047401CBC
:1084400038BF5FEA420218BF7047002814BF20F00F
:10845000010041F100014FEA410313F5001F38BF4D
:108460007047A1F1C04100F0E3BA012A43EB0302D7
:10847000ACF1200CDCF11F0E32BF4FF0000E23FADE
:108480000CF310EB030041EB0451B4EB115FD0D0BF
:10849000A1EB045101F58011490801EB04515FEA99
:1084A00030000ED350F1000038BF12FA0EFE08D192
:1084B000BDE81040C9E7401C38BF5FEA4202CAD19C
:1084C000C3E7BDE810404FEA410313F5001F38BF72
:1084D0007047A1F1C04100F0ABBA9EEA445F08D0FA
:1084E00011EA5E0FBDE8104004BF01F0004100201A
:1084F0007047BDE8104070B500F04CFA64FBBE3E1A
:108500000000E0FF2DE9C04130B4DFF8A8C23CEA2A
:10851000111418BF3CEA131400F0F0801CEA111487
:1085200081EA030544EAD57418BF1CEA131500F06C
:10853000CB80A4EB050404F17F7404F500344FF004
:10854000004545EAC12145EAC32341EA505143EAC7
:1085500052534FEAC0204FEAC222994208BF9042CC
:1085600000F0A0804FEA13650FF24816765D4FEADF
:10857000134506FB05F7C7F1807706FB07F74FEABF
:10858000D737A7FB03687642A7FB06CEC8F580382D
:1085900038BFA8F1010807FB08E6A6FB028C4FF0E4
:1085A000000EE6FB03CED8F100086FEA0C0C5CF17C
:1085B000000C6FEA0E0E4EF1004EA6FB0C584FF069
:1085C0000007E6FB0E87A1FB08C6A0FB07CE16EB53
:1085D0000E064FF0000545F10005E1FB076515F1BA
:1085E000E04E7EBFA4F580345FEA46066D4116F189
:1085F000800745F100054FEA172747EA05674FEA6C
:1086000015254FEA0666A6F1DE46B6F1805F20D951
:10861000384605EBC47124F0010C01EB0C11BCF1E0
:10862000FE6F02D8F0BCBDE8008124425CBF01F5BA
:10863000801E9EEAC47F02D4F0BCBDE800812442C3
:1086400000F13980A1F1C041F0BCBDE8004100F06B
:10865000EFB94FEAD02040EA41504FEAD1214FEA2A
:10866000D22242EA43524FEAD323A7FB028607FBFA
:10867000036605FB02661EEA0E0F58BFA6EB005606
:10868000B6EB00564FEA520E4EEAC37E18EB0E0EC2
:1086900056EB530EBCD518EB02085E417F1C55F11A
:1086A0000005B5E74FF480154FF000074FF00006C6
:1086B0004FF00008ACE701F1C04101F000414FF07C
:1086C0000000F0BCBDE800810CEA131511EA0C1F94
:1086D00000D00CE013EA0C1F00F025804FF00000E2
:1086E00081EA030101F00041F0BCBDE80081F0BC6B
:1086F000BDE8004181EA030100F09AB9F0BCBDE891
:10870000004170B500F046F9097EFC3E00F007B864
:108710004FF0000081EA030101F00041704781EA57
:10872000030100F085B9F0BCBDE8004122494FF0DB
:1087300000007047FFFDFBF9F7F5F4F2F0EEEDEB0A
:10874000E9E8E6E4E3E1E0DEDDDBDAD8D7D5D4D34F
:10875000D1D0CFCDCCCBCAC8C7C6C5C4C2C1C0BF9B
:10876000BEBDBCBBBAB9B8B7B6B5B4B3B2B1B0AFA1
:10877000AEADACABAAA9A8A8A7A6A5A4A3A3A2A185
:10878000A09F9F9E9D9C9C9B9A9999989797969540
:1087900095949393929191908F8F8E8E8D8C8C8BDC
:1087A0008B8A898988888787868585848483838264
:1087B000828181800000FF070000F87F4FEA4103BB
:1087C0004FEA5353A3F58063D3F11E03C8BFD3F11F
:1087D000210C0CDD4FF0004242EAC12242EA505225
:1087E00032FA03FC8CEAE17CACEBE1707047102BB1
:1087F000C4BF0020704703F5787CBCF1FF3F04D074
:108800006FF0004282EA2100704770B500F0C2F8B4
:108810004992248000207047F2E7B0FA80F310FA02
:1088200003F10AD0C3F11D0303F580634FEA03523D
:108830004FEA415002EBD12170474FF000007047E2
:1088400070B5DFF848C11CEA111E1EBF1CEA1315E3
:108850009EEA0C0F95EA0C0F00F06F8081EA03048A
:108860004EEAD47EAE4421EA4C1123EA4C1341F483
:10887000801143F48013AEF17F7EA1FB024CA0FB7C
:108880000365361955EB0C05A1FB034C4CF10003B5
:10889000A0FB021C16EB0C06654153F100030942D4
:1088A00018BF46F0010613F4007F0BD14FEA0331E5
:1088B0004FEA053041EA155140EA165034036FF093
:1088C00003020AE04FEAC3214FEAC52041EA5551AD
:1088D00040EA5650F4026FF0020202EB2E4201EB26
:1088E000025585EACE710AD05FEA440C18BF24F025
:1088F000004450F1000041F1000120EAD47040F240
:10890000FE7C624500D270BDA84214BF4FF0804487
:108910004FF04044002E08BF0024BEF1806FA8BF76
:10892000A1F1C041BDE8704080F2828001F1C041F8
:1089300001F000414FF0000070470CEA13159EEA69
:108940000C0F18BF95EA0C0F06D081EA030E4FF00A
:1089500000000EF0004170BD00F01CF88900013EDF
:1089600000F007B800F009B84FEA430C5FEA5C5C1E
:1089700008D081EA030100F05BB84FEA410C5FEADE
:108980005C5CF6D102494FF0000070470000FF0721
:108990000000F87F0EF1020E2EF0030E5EF8046B5D
:1089A000364205D4012A43EB030515F5001F12D802
:1089B000012841EB010C1CF5001F0CD80ED14FEA29
:1089C000D17C0CEB4C0C0CF1020C15F5001F08BF10
:1089D0004CEBD37C04E04FF0080C01E04FEAD37C71
:1089E0000CEB4C0526FA05F606F00706B6F1040C6A
:1089F00006D20EEB860CBDE870404CF0010C6047CF
:108A0000DFE80CF0090B02024FF00041A1F5002154
:108A10004FF0000070BD19461046012851EB0104CB
:108A200018BFD4F5001484BF002001F0004170BDD0
:108A30000808A0F500114FEA3101704710B591EA1E
:108A4000030F48BF83F000433FF5BCAC841A71EBC1
:108A5000030C07D28CF0004C121943EB0C03001BE3
:108A600061EB0C014FEA1154A4EB135CDFF8A4E1B5
:108A70001EEA430F18BF9EEA445F00F0B48021EA6B
:108A8000045123EA6E035242C3EB6E0338BF5B1EF0
:108A9000DCF1200E25D322FA0CFE10EB0E0043FA77
:108AA0000CFE41EB0E01CCF1200E03FA0EFE10EB92
:108AB0000E00CCF1200E51F1000129D401EB04513C
:108AC00012FA0EF2BDE8104058BF7047401C1CBFA0
:108AD000B2F1004F704700280CBF491C20F0010084
:108AE000704712EB020E43EB030218BF4FF0010E6A
:108AF0004EEA4202ACF1200CDCF11E0E56D943FACC
:108B00000CFE10EB0E00CCF11E0E51F1FF31D5D54D
:108B10000EF1010E12FA0EFE404141EB010101EB94
:108B2000445C5FEA5C5C10D901EB045110EBDE7031
:108B300038BFBEF1004FBDE8104018BF7047002895
:108B40000CBF491C20F00100704734D24FEAD42CEE
:108B500024F4006411F500111BD0B1FA81F20B3A34
:108B6000A41AA41ED2F12003914030FA03F3194352
:108B7000904001EBCC7101EB0451002CBDE810409A
:108B8000A8BF704701F1C04101F000414FF0000063
:108B90007047B0FA80F310FA03F102D1BDE810403B
:108BA0007047E41A173C4805C90AE2E701EB045193
:108BB000BDE81040704749104FEA300001EB045106
:108BC000BDE8104002E04FF0000170474A0008BFC6
:108BD0000042F8D0B2F5001F28BF704701F00041F5
:108BE0004FF0000070479EEA445F07D011EA5E0F25
:108BF000BDE8104004BF002100207047BDE81040D0
:108C000070B5FFF7C7FE00BF40DFF63E104683F0A9
:108C1000004170470000E0FF43004FEAD30C4FEAE9
:108C20003C0C43401FBF40070CF1605113F0FE4F56
:108C300070471CF0006F03D10CF00041002070471A
:108C40000CF0004343EA507040EACC0010B500F04D
:108C5000DAFA00BF000000924FEA0001FFF7E8BE19
:108C60004FF00041A1F500214FF0000070470000D7
:108C700090EA010F48BF81F0004100F11683421ACB
:108C80003CBF801A89184FEAD052A2EBD1534FF063
:108C90007F4C1CEA410F18BF9CEA026F00F03B803A
:108CA0004FF0004C4CEA00204CEA012121FA03FC71
:108CB00010EB0C0C1ED202F1FF325FEA1C2040EBDD
:108CC000C25038BF70471CF07F0F4FEA400C18BFEE
:108CD000BCF17F4F38BF7047C3F12003994008BFF4
:108CE00020F00100BCF17F4F38BF7047A0F1C040B9
:108CF00000F0CFBA4FEA3C00000A40EBC25028BF58
:108D00001CF0FF0F4FEA400CE6D018BFBCF17F4FBC
:108D100038BF7047EAE79CEA026F05D010EA5C0FA3
:108D200008BF00F00040704710B500F06CFA00BFBB
:108D300064FBBE3E10B500F0F5F80CBF012000202A
:108D400010BD10B500F0EEF814BF0120002010BDDA
:108D500010B500F06FF98CBF0120002010BD10B5D8
:108D600000F068F92CBF0120002010BD10B500F004
:108D700095F994BF0120002010BD10B500F08EF9C8
:108D800034BF0120002010BD401058BFC0F140404A
:108D9000491058BFC1F140418142EFF30080704754
:108DA0004FF47F0C1CEAD0121EBF1CEAD11392EACA
:108DB0000C0F93EA0C0F00F0858090EA010F48BF7A
:108DC00042F4807240F4000C41F400002CF07F412A
:108DD00020F07F4000B5A2EB030281420FF2081C95
:108DE000ACEB504E9EF800E0C0F100004FEA4E0E92
:108DF00000FB0EFC38BF49004FEA2C1C0CFB0EF3A5
:108E00004FEACE1E0EEB635E4FEA112C0EFB0CFCFC
:108E10004FEAC1214FEA1C5300FB031102F5FA028D
:108E20004FEA112C0EFB0CFC4FEA01314FEADC4CEF
:108E300000FB0C1142EB2242C14228BF09184CEB47
:108E400003335DF804EB10EB410143EBC250B2F584
:108E50007C0F38BF704729D512F0F00F1CBF00F10E
:108E6000C04000F00040704700818283848586877F
:108E700088898B8C8D8E8F919293959697999A9CD9
:108E80009D9FA0A2A3A5A7A8AAACAEB0B2B3B5B748
:108E9000B9BCBEC0C2C5C7C9CCCED1D4D7D9DCDF1E
:108EA000E2E6E9ECF0F3F7FAFE0000004FEA400CCE
:108EB0000CF1807CBCF17E4F28BF7047B0F1C04000
:108EC00000F0E7B90CEAD11390EA010F48BF42F471
:108ED0008072624538BF634507D213F47F0F16D006
:108EE00080EA010000F00040704710B500F08BF9F7
:108EF000097EFC3E00F005B880EA010000F0004069
:108F0000704780EA010000F0004000F0C2B912F49E
:108F10007F0F04BF0248704780EA010000F0B9B932
:108F20000000C07F50EA010C00F113801CF5000F17
:108F300058BFBCF5000F01D48842704707D710F521
:108F4000000F58BF11F5000F15D4884270478942B1
:108F500070471CF5000F04D5BCF5000FF7D5814212
:108F600070474FF0807C1CEB400F38BF1CEB410F6B
:108F700001D28142704710B500F045F992244900B2
:108F80004FF000504FF08051FFF7FEBE41000B0E36
:108F9000D3F19E0208D950F400034FEA032323FAC9
:108FA00002F048BF4042704710B500F02CF900BFF6
:108FB00049922480002070476FF0004282EA20002E
:108FC00070470000C10DD1F19E0206DB4FEA00237D
:108FD00043F0004323FA02F07047004207D54FEAFE
:108FE0004001B1F1FE4F02D24FF00000704710B5C2
:108FF00000F009F949922480002070476FEA2000B0
:109000007047000010F0004148BF4042B0FA80F3C2
:1090100010FA03F2C3F19D030BD051EAC35101EBE7
:109020001220530638BF704700F1010008BF20F03E
:109030000100704750EA010C00F113801CF5000F8D
:1090400058BFBCF5000F01D48842704707D710F510
:10905000000F58BF11F5000F15D4884270478942A0
:1090600070471CF5000F04D5BCF5000FF7D5814201
:1090700070474FF0807C1CEB400F38BF1CEB410F5A
:1090800001D28142704710B500F0BDF8922449002A
:109090004FF080504FF00051FFF776BE50EA010CC0
:1090A00000F113801CF5000F58BFBCF5000F01D470
:1090B0008842704707D710F5000F58BF11F5000F11
:1090C00015D488427047894270471CF5000F04D5BB
:1090D000BCF5000FF7D5814270474FF0807C1CEB48
:1090E000400F38BF1CEB410F01D28142704710B5D1
:1090F00000F089F8922449004FF000504FF0805161
:10910000FFF742BE4FF47F0C1CEAD0121EBF1CEAD0
:10911000D11392EA0C0F93EA0C0F00F0478090EA0B
:10912000010F48BF42F480724FF0004C4CEA00201F
:109130004CEA012102EB0302A0FB0113A2F500029D
:10914000002918BF43F001035B0028BF4FEA330337
:1091500042EB22425FEA132C4CEBC2502EBFBCEB19
:10916000436FB2F57C0F70474FEA036CBCF1004FC0
:1091700008BF20F00100B2F57C0F38BF70470BD557
:1091800082F0FF0212F5803FC8BF704700F1C04077
:10919000D8BF00F00040704700F5000C5FEA4C0CAF
:1091A00048BF7047B0F1C04000F073B80CEAD1136B
:1091B00090EA010F48BF42F48072624538BF6345B0
:1091C00004D280EA010000F00040704710B500F0C2
:1091D0001AF800BF8900013E00F007B800F009B896
:1091E0005FEA410C5FEA1C6C08D080EA010000F0E5
:1091F00050B85FEA400C5FEA1C6CF6D14FF00040BB
:10920000A0F5800070470EF1020E2EF0030E5EF8FE
:10921000044B244204D44FEA4102B2F17F4F11D8EB
:109220004FEA4003B3F17F4F0CD80ED14FEAD07C08
:109230000CEB4C0C0CF1020CB2F17F4F08BF4CEB65
:10924000D17C04E04FF0080C01E04FEAD17C0CEB3C
:109250004C0324FA03F404F00704B4F1040C06D21E
:109260000EEB840CBDE810404CF0010C6047DFE8C9
:109270000CF0070802024FF00040A0F5800010BD7E
:109280000846420018BFD2F1807288BF00F000404B
:1092900010BDFF2141EAD050C005704790EA010F90
:1092A00048BF81F000413FF5EAAC421A04D882F091
:1092B0000042A0EB020011444FEAD052A2EBD1537E
:1092C0004FF07F4C1CEA410F18BF9CEA026F4AD056
:1092D0004FF0004C4CEA00204CEA012121FA03FC3B
:1092E000B0EB0C0C0FD412F0FE0F36D05FEA4C003E
:1092F0001DD5001240EBC25038BF70471CF03F0F25
:1093000018BF70470BE05FEA1C20A2F1010240EB9E
:10931000C25038BF70471CF07F0F18BF7047C3F1B1
:109320002003994014BF401E20F0010070474FEA0F
:109330001223800808BF7047B0FA80FCA2EB0C0231
:10934000CCF1280C60FA0CF093EA122F04BF00EB6A
:10935000C25070474FEAC3707047130A5FEADC10CF
:1093600008BF7047F6E79CEA026F04D010EA5C0F72
:1093700008BF0020704710B5FFF745FF40DFF63EFD
:1093800081F000407047F7F7C7BAF7F7C5BD040092
:1093900000080000000000000002000100001000B2
:1093A0000000000000000000303132333435363721
:1093B0003839414243444546403058003031323319
:1093C0003435363738396162636465664030780019
:1093D000303132333435363738396162636465662B
:1093E00078700030313233343536373839414243C2
:1093F000444546585000000002400000000000A014
:109400000000000005400000000000C8000000004F
:109410000C4000000000409C0000000019400000CB
:109420000020BCBE0000000034400000BFC91B8EFD
:1094300000000004B5400000504BCFD06607E2CFDB
:10944000010000006C4100003E8251AADFEEA7340B
:1094500001000000D9420000DCB5A0E23A301F97BD
:10946000FFFFFFFFB4450000FD25A0C8E9A3C14FE1
:10947000FFFFFFFFFF3F0000000000800000000032
:10948000FF3F00000000008000000000000000001E
:1094900000000000010203040607080900000000A4
:1094A000010203040000000000000000002F000083
:1094B00000000700070000147F147F1400242A7F97
:1094C0002A12006264081323003649552250000016
:1094D0000503000000001C224100000041221C0086
:1094E0000014083E08140008083E0808000000A008
:1094F0006000000808080808000060600000002004
:1095000010080402003E5149453E0000427F4000E1
:10951000004261514946002141454B310018141267
:109520007F10002745454539003C4A494930000134
:109530007109050300364949493600064949291E83
:1095400000003636000000005636000000081422E5
:1095500041000014141414140000412214080002E5
:109560000151090600324959513E007C1211127C0A
:10957000007F49494936003E41414122007F414137
:10958000221C007F49494941007F09090901003E29
:109590004149497A007F0808087F0000417F410067
:1095A000002040413F01007F08142241007F4040DD
:1095B0004040007F020C027F007F0408107F003EC5
:1095C0004141413E007F09090906003E4151215EAB
:1095D000007F091929460046494949310001017FA8
:1095E0000101003F4040403F001F2040201F003F3E
:1095F0004038403F006314081463000708700807F0
:1096000000615149454300007F41410000552A5502
:109610002A55000041417F0000040201020400407D
:10962000404040400000010204000020545454789F
:10963000007F4844443800384444442000384444BF
:10964000487F00385454541800087E09010200185D
:10965000A4A4A47C007F080404780000447D40009A
:10966000004080847D00007F102844000000417F7E
:109670004000007C04180478007C0804047800385A
:109680004444443800FC242424180018242418FCE2
:10969000007C0804040800485454542000043F444B
:1096A0004020003C4040207C001C2040201C003C0E
:1096B0004030403C004428102844001CA0A0A07C5E
:1096C000004464544C441414141414140000000096
:1096D000000000000000000000000000000000F892
:1096E00000000000000000333000000000100C06F5
:1096F000100C0600000000000000000040C0784090
:10970000C0784000043F04043F040400007088FC5B
:1097100008300000001820FF211E0000F008F000B3
:10972000E018000000211C031E211E0000F0088824
:10973000700000001E2123241927211010160E008E
:10974000000000000000000000000000000000E039
:10975000180402000000000718204000000204184E
:10976000E00000000040201807000000404080F0AA
:10977000804040000202010F01020200000000F0E0
:10978000000000000101011F0101010000000000B4
:109790000000000080B07000000000000000000029
:1097A00000000000000101010101010100000000B2
:1097B0000000000000303000000000000000000049
:1097C00080601804006018060100000000E0100826
:1097D0000810E000000F102020100F00001010F8FB
:1097E000000000000020203F20200000007008083A
:1097F00008887000003028242221300000300888BA
:10980000884830000018202020110E000000C020E1
:1098100010F8000000070424243F240000F8088802
:10982000880808000019212020110E0000E010888F
:1098300088180000000F112020110E0000380808C1
:10984000C83808000000003F0000000000708808D1
:1098500008887000001C222121221C0000E0100852
:109860000810E0000000312222110F00000000C0AB
:10987000C000000000000030300000000000008048
:109880000000000000008060000000000000804038
:109890002010080000010204081020004040404051
:1098A00040404000040404040404040000081020A4
:1098B00040800000002010080402010000704808E9
:1098C0000808F0000000003036010000C030C82851
:1098D000E810E0000718272423140B000000C0380C
:1098E000E0000000203C23020227382008F8888886
:1098F00088700000203F202020110E00C030080892
:1099000008083800071820202010080008F8080868
:109910000810E000203F202020100F0008F8888861
:10992000E8081000203F20202320180008F888882D
:10993000E8081000203F200003000000C0300808A5
:109940000838000007182020221E020008F808002E
:109950000008F808203F210101213F20000808F8F5
:10996000080800000020203F202000000000080818
:10997000F8080800C08080807F00000008F888C0D8
:1099800028180800203F20012638200008F8080089
:1099900000000000203F20202020300008F8F800C0
:1099A000F8F80800203F003F003F200008F830C0D2
:1099B0000008F808203F200007183F00E0100808C2
:1099C0000810E0000F10202020100F0008F80808F1
:1099D0000808F000203F210101010000E010080804
:1099E0000810E0000F18242438504F0008F8888829
:1099F00088887000203F2000030C30200070880809
:109A0000080838000038202121221C00180808F816
:109A1000080818000000203F2000000008F8080097
:109A20000008F808001F202020201F000878880068
:109A300000C83808000007380E010000F80800F8D8
:109A40000008F800033C0700073C03000818688082
:109A50008068180820302C03032C30200838C800F8
:109A6000C83808000000203F200000001008080847
:109A7000C83808002038262120201800000000FEE9
:109A8000020202000000007F40404000000C30C095
:109A900000000000000000010638C00000020202C1
:109AA000FE000000004040407F0000000000040273
:109AB000020204000000000000000000000000009E
:109AC000000000008080808080808080000202048E
:109AD0000000000000000000000000000000808086
:109AE000808000000019242222223F2008F80080F4
:109AF00080000000003F112020110E0000000080B7
:109B000080800000000E1120202011000000008045
:109B10008088F800000E112020103F200000808077
:109B200080800000001F222222221300008080F08B
:109B3000888888180020203F2020000000008080B6
:109B400080808000006B94949493600008F80080FB
:109B500080800000203F210000203F200080989856
:109B6000000000000020203F2020000000000080B6
:109B70009898000000C08080807F000008F80000F6
:109B800080808000203F24022D302000000808F84B
:109B9000000000000020203F202000008080808006
:109BA00080808000203F20003F20003F8080008098
:109BB00080800000203F210000203F2000008080A6
:109BC00080800000001F202020201F008080008057
:109BD0008000000080FFA12020110E000000008006
:109BE00080808000000E112020A0FF8080808000F7
:109BF0008080800020203F21200001000000808024
:109C0000808080000033242424241900008080E018
:109C1000808000000000001F2020000080800000E5
:109C200000808000001F202020103F2080808000C6
:109C30000080808000010E300806010080800080D6
:109C4000008080800F300C030C300F0000808000FB
:109C5000808080000020312E0E3120008080800026
:109C60000080808080818E701806010000808080D6
:109C7000808080000021302C222130000000000074
:109C8000807C020200000000003F40400000000015
:109C9000FF00000000000000FF0000000002027C46
:109CA000800000000040403F00000000000601016D
:109CB0000202040400000000000000000102020390
:109CC0000405060708090A0B0C0D0E0F1010692079
:109CD0003D2025642020202020200054657374201E
:109CE0003D20256420202020202000616E676C65C7
:109CF00079203D20252E3266202020202020004380
:109D00006F6D7061726559203D20252E32662020CE
:109D100020007831203D2025303364202079312007
:109D20003D20253033642020007832203D2025302E
:109D3000336420207932203D2025303364202000F8
:109D40007833203D202530336420207933203D2096
:109D5000253033642020007834203D2025303364C2
:109D600020207934203D20253033642020007835B0
:109D7000203D202530336420207935203D202530BA
:109D80003364202000616378203D20253033642037
:109D9000616379203D2025303364202000616E67A7
:109DA0006C6578203D20252E3266202000526563A8
:109DB0006F676E697A65526564005265636F676E9E
:109DC000697A65526574616E676C6500189F00085A
:109DD000000000205800000050010008709F00089B
:109DE00058000020680A0000700100081C000000F4
:109DF00043000000F8FFFFFF0C0000000E00000011
:109E00000F0000002E0000001001000043000000C1
:109E1000F8FFFFFF0040404040404040404041418B
:109E2000414141404040404040404040404040402F
:109E300040404040400502020202020202020202C9
:109E400002020202022020202020202020202002C6
:109E50000202020202029090909090901010101056
:109E600010101010101010101010101010101010F2
:109E70000202020202028888888888880808080886
:109E80000808080808080808080808080808080852
:109E9000020202024000000000000000000000007A
:109EA00000000000000000000000000000000000B2
:109EB00000000000000000000000000000000000A2
:109EC0000000000000000000000000000000000092
:109ED0000000000000000000000000000000000082
:109EE0000000000000000000000000000000000072
:109EF0000000000000000000000000000000000062
:109F00000000000000000000000000000000000051
:109F10000000000000000000010000001000000030
:109F200015000000B7000000B80000001D00000090
:109F30001E00000020000000B8000000BD0000006E
:109F40004D00000095000000950000005400000046
:109F50002F0000002E0000005E0000000000000046
:109F6000C8000000010000000024F4000000000010
:04000005080000ED02
:00000001FF
